id,site_code,X,Y,lon,lat,Aclay_base_altitude,gse,depth_to_base_Aclay,thickness_Aclay
3105,352236N1192724W001,839303.6413,3904210.687,-119.272387,35.223595,264,298.2,34.2,13.8
3989,352296N1193432W001,832831.5926,3904636.572,-119.343187,35.229595,257,294.3,37.3,12.67
3990,352296N1193432W003,832831.5926,3904636.572,-119.343187,35.229595,257,294.3,37.3,12.67
3991,352274N1193482W001,832385.2892,3904375.651,-119.348187,35.227395,256,299,43,12.45
3992,352249N1193536W002,831903.76,3904080.121,-119.353588,35.224895,256,303.2,47.2,12.34
3994,351953N1193551W001,831887.8163,3900790.218,-119.355087,35.195295,258,293.8,35.8,14.04
3995,351953N1193551W002,831887.8163,3900790.218,-119.355087,35.195295,258,293.8,35.8,14.04
3996,351953N1193550W002,831896.9259,3900790.552,-119.354987,35.195295,258,293.9,35.9,14.04
3998,351522N1193070W001,836447.4463,3896169.037,-119.306988,35.152195,260,292.7,32.7,15.67
6286,352296N1193432W002,832831.5926,3904636.572,-119.343187,35.229595,257,294.3,37.3,12.67
6287,352296N1193432W004,832831.5926,3904636.572,-119.343187,35.229595,257,294.3,37.3,12.67
6288,352249N1193536W001,831903.76,3904080.121,-119.353588,35.224895,256,303.2,47.2,12.34
6289,351953N1193550W001,831896.9259,3900790.552,-119.354987,35.195295,258,293.9,35.9,14.04
6290,352024N1193567W001,831713.1426,3901572.794,-119.356688,35.202395,257,298.9,41.9,13.65
6615,352294N1192909W001,837594.8269,3904791.212,-119.290887,35.229395,265,300.6,35.6,14.2
7043,352294N1192865W001,837995.4933,3904806.204,-119.286488,35.229395,266,297.5,31.5,14.15
7044,352086N1192783W001,838828.7867,3902525.827,-119.278288,35.208595,260,296,36,15.11
3106,352308N1192535W001,840994.6439,3905074.587,-119.253488,35.230795,269,298,29,11.45
3109,352019N1192356W001,842746.3227,3901928.96,-119.235587,35.201895,261,291.9,30.9,13.04
3110,351919N1192363W001,842724.6384,3900816.735,-119.236288,35.191895,260,288.3,28.3,13.42
3349,351952N1192291W001,843366.6795,3901207.865,-119.229088,35.195195,260,291.9,31.9,13.16
3350,352022N1192037W001,845650.9434,3902072.941,-119.203688,35.202195,264,295.6,31.6,12.85
3351,352039N1192220W001,843976.7453,3902197.997,-119.221988,35.203895,262,295.5,33.5,12.76
3352,352053N1191992W001,846047.6907,3902432.676,-119.199188,35.205295,266,296.7,30.7,12.81
3354,352231N1192098W001,845006.6642,3904371.226,-119.209788,35.223095,269,302.5,33.5,12.15
3359,351561N1192407W001,842474.1665,3896828.454,-119.240688,35.156095,260,292.2,32.2,14.51
3360,351750N1192368W001,842750.1699,3898939.438,-119.236788,35.174995,260,288.3,28.3,13.82
3372,351447N1192162W001,844755.392,3895648.033,-119.216188,35.144695,259,310.7,51.7,14.4
3373,351517N1192170W001,844652.8929,3896422.124,-119.216988,35.151695,259,301.3,42.3,14.23
3375,351800N1191960W001,846446.7799,3899635.991,-119.195988,35.179995,260,297.3,37.3,13.44
4003,351898N1192361W001,842751.6955,3900584.367,-119.236087,35.189795,260,288.1,28.1,13.48
4004,351399N1192429W002,842341.6171,3895022.996,-119.242888,35.139895,260,312,52,14.96
4007,351787N1192001W001,846078.7121,3899477.411,-119.200088,35.178695,260,292.9,32.9,13.46
4008,351698N1192000W001,846125.6178,3898490.02,-119.199988,35.169795,260,293.2,33.2,13.66
5840,352347N1192413W001,842089.1767,3905549.447,-119.241287,35.234695,269,297.9,28.9,10.95
5842,352117N1191995W001,845993.1593,3903141.917,-119.199488,35.211695,269,297.6,28.6,12.64
5843,352125N1191992W001,846017.0832,3903231.749,-119.199188,35.212495,269,297.7,28.7,12.63
5845,351941N1191927W001,846687.4639,3901212.368,-119.192688,35.194095,263,295.1,32.1,13.15
5857,351450N1191992W001,846303.813,3895740.46,-119.199188,35.144995,259,311.5,52.5,14.18
5858,351456N1191984W001,846374.1927,3895809.838,-119.198388,35.145595,259,310.7,51.7,14.15
6291,352108N1192338W001,842872.8049,3902922.91,-119.233788,35.210795,263,294.1,31.1,12.56
6295,351519N1192366W001,842865.5131,3896376.484,-119.236588,35.151895,260,299.6,39.6,14.54
6297,351658N1192001W001,846133.4875,3898045.744,-119.200088,35.165795,260,292.4,32.4,13.74
6299,351448N1192000W001,846231.735,3895715.475,-119.199988,35.144795,259,311.7,52.7,14.19
6618,352033N1192230W001,843888.188,3902127.941,-119.222988,35.203295,262,295,33,12.79
6619,351520N1192363W001,842892.4376,3896388.617,-119.236288,35.151995,260,299.7,39.7,14.54
7045,352088N1192520W001,841223.477,3902638.183,-119.251987,35.208795,261,292.8,31.8,13.3
7046,351976N1192358W001,842746.2026,3901451.052,-119.235788,35.197595,260,290.6,30.6,13.22
7050,351811N1192358W001,842815.6325,3899619.872,-119.235788,35.181095,260,288.4,28.4,13.67
7051,352014N1192172W001,844424.5605,3901937.199,-119.217188,35.201395,262,295.6,33.6,12.83
7052,352015N1192094W001,845134.6748,3901975.407,-119.209388,35.201495,263,295.2,32.2,12.84
3113,351483N1191280W001,852780.1159,3896357.261,-119.127988,35.148295,261,295.3,34.3,14.61
3124,351519N1190932W001,855936.7033,3896880.978,-119.093188,35.151895,263,287.2,24.2,15.25
3125,351672N1190955W001,855660.3063,3898570.829,-119.095488,35.167195,264,291.9,27.9,15.05
3374,351727N1191874W001,847261.5113,3898855.873,-119.187388,35.172695,260,293.2,33.2,13.63
3376,351719N1191746W001,848431.3699,3898811.939,-119.174588,35.171895,260,293.7,33.7,13.73
3377,351872N1191703W001,848757.7358,3900525.086,-119.170288,35.187195,264,294,30,13.54
3385,351547N1191663W001,849261.4131,3896932.191,-119.166288,35.154695,260,297.3,37.3,14.06
3386,351486N1191815W001,847901.9717,3896201.846,-119.181488,35.148595,259,305.8,46.8,14.05
3387,351483N1191806W001,847985.2909,3896171.704,-119.180588,35.148295,259,306.1,47.1,14.06
3388,351550N1191376W001,851876.1028,3897066.801,-119.137588,35.154995,260,294.6,34.6,14.37
3389,351778N1191412W001,851449.6596,3899584.497,-119.141188,35.177795,262,292.4,30.4,14.04
3398,351450N1191806W001,847999.3665,3895805.462,-119.180588,35.144995,259,311,52,14.13
4006,351806N1191824W001,847683.4455,3899750.139,-119.182388,35.180595,261,297.1,36.1,13.52
4009,351537N1191823W001,847807.3018,3896765.055,-119.182288,35.153695,259,299.7,40.7,13.95
4010,351541N1191289W001,852672.9962,3896997.777,-119.128888,35.154095,261,292.5,31.5,14.51
4013,351525N1191107W001,854338.8976,3896884.987,-119.110688,35.152495,262,292.2,30.2,14.87
4014,351676N1191106W001,854282.3988,3898561.229,-119.110588,35.167595,263,292.2,29.2,14.71
4015,351514N1190774W001,857379.1407,3896882.229,-119.077388,35.151395,265,287.2,22.2,15.53
5641,351597N1191232W001,853168.3036,3897639.552,-119.123188,35.159695,261,292.3,31.3,14.54
5644,351386N1191088W001,854572.4949,3895349.067,-119.108788,35.138595,262,294.1,32.1,15.07
5849,351742N1191584W001,849897.7928,3899124.185,-119.158388,35.174195,262,291.7,29.7,13.86
5850,351864N1191707W001,848724.7155,3900434.893,-119.170688,35.186395,263,293.7,30.7,13.55
6298,351742N1191791W001,848011.4685,3899051.414,-119.179088,35.174195,260,295.2,35.2,13.66
6300,351533N1191827W001,847772.5476,3896719.262,-119.182688,35.153295,259,300.1,41.1,13.96
6301,351796N1191471W001,850904.2788,3899763.393,-119.147088,35.179595,263,292.3,29.3,13.93
6303,351520N1191109W001,854322.839,3896828.781,-119.110888,35.151995,262,292.2,30.2,14.87
6621,351691N1191596W001,849810.3272,3898553.939,-119.159588,35.169095,261,292.4,31.4,13.92
6631,351516N1190906W001,856175.0153,3896857.004,-119.090588,35.151595,264,287.2,23.2,15.31
3126,351677N1190666W001,858291.9917,3898730.249,-119.066588,35.167695,266,294,28,15.63
3134,351244N1190599W001,859093.1655,3893948.676,-119.059888,35.124395,266,279.6,13.6,15.72
3135,351519N1190610W001,858871.8991,3896996.866,-119.060988,35.151895,266,283.6,17.6,15.68
3136,351386N1190751W001,857644.9079,3895469.872,-119.075088,35.138595,265,282.9,17.9,15.57
3138,351711N1190571W001,859142.8207,3899141.94,-119.057088,35.171095,267,296,29,15.71
3144,351058N1190570W001,859439.4571,3891894.788,-119.056988,35.105795,266,302.5,36.5,15.78
3145,351250N1190338W001,861470.4928,3894109.899,-119.033788,35.124995,268,284.9,16.9,15.85
3146,351691N1190330W001,861348.0359,3899007.43,-119.032988,35.169095,268,294.6,26.6,15.85
3147,351627N1189991W001,864466.2328,3898421.03,-118.999088,35.162695,270,293.9,23.9,15.93
3419,351927N1190213W001,862309.3774,3901669.45,-119.021288,35.192695,269,307.2,38.2,15.9
3427,351872N1190201W001,862443.1872,3901063.388,-119.020088,35.187195,269,303.2,34.2,15.9
3428,351805N1190213W001,862363.6489,3900315.372,-119.021288,35.180495,269,302.3,33.3,15.89
4019,351385N1190757W001,857590.644,3895456.614,-119.075688,35.138495,265,283,18,15.56
4020,351741N1190403W001,860660.6059,3899535.825,-119.040288,35.174095,268,295.5,27.5,15.82
4021,351736N1190405W001,860644.5923,3899479.604,-119.040488,35.173595,268,295.4,27.4,15.82
4027,351134N1190572W001,859387.7777,3892737.571,-119.057188,35.113395,266,293.5,27.5,15.76
4028,351511N1190210W001,862521.7144,3897053.366,-119.020988,35.151095,269,282.4,13.4,15.88
4029,351512N1190211W002,862512.1541,3897064.099,-119.021088,35.151195,269,282.5,13.5,15.88
4031,351921N1190045W001,863842.7349,3901664.345,-119.004488,35.192095,269,306.5,37.5,15.93
4034,351505N1190050W001,863982.9269,3897045.3,-119.004988,35.150495,270,291.1,21.1,15.92
5647,351511N1190405W001,860744.138,3896982.352,-119.040488,35.151095,268,281.3,13.3,15.81
5648,351717N1190395W001,860744.1349,3899272.359,-119.039488,35.171695,268,295,27,15.82
5649,351694N1190530W001,859523.9706,3898968.102,-119.052988,35.169395,267,296,29,15.74
5651,351247N1190518W001,859830.4562,3894011.273,-119.051788,35.124695,266,279.2,13.2,15.77
5652,351241N1190396W001,860945.5882,3893988.926,-119.039588,35.124095,267,282.6,15.6,15.83
5870,351647N1189978W001,864575.7779,3898647.785,-118.997788,35.164695,270,294.7,24.7,15.93
5871,351802N1189763W001,866465.6659,3900447.337,-118.976288,35.180195,270,300.9,30.9,15.94
6306,351514N1190728W001,857798.4573,3896898.793,-119.072788,35.151395,265,285.8,20.8,15.58
6311,351385N1190757W002,857590.644,3895456.614,-119.075688,35.138495,265,283,18,15.56
6312,351514N1190718W001,857889.6132,3896902.396,-119.071788,35.151395,265,285.3,20.3,15.59
6313,351651N1190403W001,860700.4334,3898536.924,-119.040288,35.165095,268,291.6,23.6,15.81
6320,351047N1190693W001,858322.4306,3891728.302,-119.069288,35.104695,265,306.8,41.8,15.71
6321,351794N1190403W001,860637.1478,3900124.067,-119.040288,35.179395,268,297.2,29.2,15.83
6322,351737N1190050W001,863879.3602,3899620.281,-119.004988,35.173695,270,297.4,27.4,15.92
6325,351219N1190126W001,863417.4633,3893843.157,-119.012588,35.121895,269,319.4,50.4,15.91
6633,351512N1190211W001,862512.1541,3897064.099,-119.021088,35.151195,269,282.5,13.5,15.88
6638,351219N1190132W001,863362.7485,3893840.963,-119.013188,35.121895,269,318.1,49.1,15.91
3963,355000N1196050W001,807963.3678,3933794.914,-119.604987,35.499995,204,247.5,43.5,15.94
3964,355000N1196050W002,807963.3678,3933794.914,-119.604987,35.499995,204,247.5,43.5,15.94
3965,355031N1195831W001,809938.7695,3934207.606,-119.583088,35.503095,207,247.7,40.7,15.94
3966,354994N1195849W001,809789.6621,3933791.354,-119.584887,35.499395,207,247.8,40.8,15.94
6263,355003N1195827W001,809985.8415,3933898.148,-119.582688,35.500295,207,248.2,41.2,15.94
6264,355031N1195830W001,809947.8438,3934207.92,-119.582988,35.503095,207,247.7,40.7,15.94
2878,356850N1196650W001,801822.4395,3954138.112,-119.664987,35.684995,190,240.8,50.8,10.24
2880,357006N1195802W001,809439.4725,3956133.581,-119.580187,35.700595,188,224.4,36.4,10.84
2881,356239N1196206W001,806075.5597,3947495.367,-119.620587,35.623895,196,237.4,41.4,13.07
2882,356308N1195900W001,808821.4979,3948356.862,-119.589988,35.630795,196,249,53,13.06
2883,356231N1195938W001,808506.8523,3947490.44,-119.593788,35.623095,197,250.3,53.3,13.36
2884,356375N1195718W001,810444.432,3949157.765,-119.571787,35.637495,195,241.4,46.4,13.18
2885,356194N1195671W001,810940.3982,3947164.04,-119.567087,35.619395,198,254.5,56.5,13.97
3002,355681N1196093W001,807312.9403,3941338.502,-119.609287,35.568095,200,242.4,42.4,15.3
3003,355586N1196113W001,807167.9099,3940278.042,-119.611288,35.558595,201,243.1,42.1,15.52
3006,355377N1196197W001,806485.8531,3937932.588,-119.619687,35.537695,200,245.4,45.4,15.86
3007,355589N1196004W001,808155.1612,3940345.423,-119.600387,35.558895,201,242.6,41.6,15.54
3008,355694N1195782W001,810127.7176,3941580.39,-119.578187,35.569395,204,241,37,15.4
3229,357033N1196184W001,805971.3433,3956313.298,-119.618387,35.703295,188,227.4,39.4,8.93659
3253,356591N1196167W001,806294.353,3951413.689,-119.616687,35.659095,193,238.9,45.9,10.93
3257,355619N1196342W001,805078.8469,3940572.976,-119.634187,35.561895,198,245.7,47.7,15.44
3261,355744N1196318W001,805248.9791,3941967.535,-119.631788,35.574395,198,241,43,15.09
3262,356086N1195814W001,809686.3501,3945920.374,-119.581388,35.608595,199,257.3,58.3,14.13
3263,355803N1195896W001,809052.1726,3942754.081,-119.589587,35.580295,202,240.3,38.3,15.03
3264,355939N1195718W001,810613.2224,3944319.392,-119.571787,35.593895,201,247.1,46.1,14.77
3265,356014N1195663W001,811082.6745,3945169.077,-119.566288,35.601395,200,268.1,68.1,14.6
3268,355283N1196000W001,808308.7104,3936950.996,-119.599987,35.528295,203,247.3,44.3,15.93
3269,355694N1195814W001,809837.5812,3941570.304,-119.581388,35.569395,204,241.9,37.9,15.38
3270,355861N1195675W001,811033.1906,3943467.411,-119.567487,35.586095,203,241.5,38.5,15.05
3271,355864N1195833W001,809599.7824,3943450.826,-119.583287,35.586395,201,240.1,39.1,14.89
3883,357030N1196174W002,806063.0063,3956283.129,-119.617387,35.702995,188,227.5,39.5,8.96239
3884,357030N1195991W001,807719.4356,3956340.42,-119.599087,35.702995,188,227.5,39.5,9.8196
3887,356739N1196231W001,805658.2331,3953036.096,-119.623087,35.673895,191,231,40,9.79193
3890,356535N1196231W001,805736.1138,3950772.297,-119.623087,35.653495,193,233.1,40.1,11.25
3891,356456N1196171W001,806309.7433,3949914.337,-119.617087,35.645595,194,237,43,11.82
3893,355659N1196328W001,805190.6016,3941021.195,-119.632788,35.565895,198,240.9,42.9,15.34
3895,355903N1196399W001,804454.3532,3943706.828,-119.639887,35.590295,197,238.8,41.8,14.57
3896,355903N1196399W003,804454.3532,3943706.828,-119.639887,35.590295,197,238.8,41.8,14.57
3897,355903N1196399W004,804454.3532,3943706.828,-119.639887,35.590295,197,238.8,41.8,14.57
3898,355889N1196407W001,804387.1467,3943548.994,-119.640687,35.588895,196,240.2,44.2,14.63
3899,356056N1196391W001,804468.8275,3945407.134,-119.639087,35.605595,197,237.3,40.3,13.95
3900,356056N1196416W002,804242.2655,3945399.39,-119.641587,35.605595,196,237.3,41.3,13.97
3901,356158N1196237W001,805825.5701,3946586.854,-119.623687,35.615795,197,237.4,40.4,13.47
3902,356445N1195813W001,809556.7811,3949904.571,-119.581288,35.644495,194,234.8,40.8,12.61
3903,355436N1196316W001,805384.0987,3938550.312,-119.631587,35.543595,199,246.2,47.2,15.79
3904,355580N1196240W001,806018.5749,3940171.879,-119.623987,35.557995,199,243,44,15.53
3905,355578N1196277W001,805683.8228,3940138.181,-119.627687,35.557795,199,243,44,15.53
3906,355595N1196300W001,805468.8004,3940319.684,-119.629987,35.559495,199,242,43,15.49
3907,355756N1196335W001,805090.2994,3942095.422,-119.633487,35.575595,198,240.7,42.7,15.06
3908,355852N1196262W001,805715.5691,3943183.402,-119.626187,35.585195,199,239.5,40.5,14.74
3909,355911N1196357W001,804832.0131,3943808.62,-119.635687,35.591095,197,238.1,41.1,14.53
3910,355981N1196393W001,804479.1542,3944574.245,-119.639287,35.598095,197,237.3,40.3,14.27
3911,355981N1196393W002,804479.1542,3944574.245,-119.639287,35.598095,197,237.3,40.3,14.27
3912,356161N1196188W001,806268.4322,3946635.41,-119.618787,35.616095,197,237.4,40.4,13.46
3913,356231N1196167W001,806431.9749,3947418.751,-119.616687,35.623095,197,237.4,40.4,13.12
3914,356144N1196177W001,806374.5999,3946450.191,-119.617687,35.614395,197,237.4,40.4,13.55
3915,356089N1196210W001,806096.5526,3945829.57,-119.620987,35.608895,198,237.4,39.4,13.79
3916,356165N1196185W001,806294.0889,3946680.734,-119.618487,35.616495,197,237.4,40.4,13.45
3917,356231N1196167W002,806431.9749,3947418.751,-119.616687,35.623095,197,237.4,40.4,13.12
3918,356146N1196176W001,806382.8975,3946472.697,-119.617587,35.614595,197,237.4,40.4,13.54
3919,356014N1195999W001,808037.4641,3945063.231,-119.599887,35.601395,199,238.2,39.2,14.21
3920,356305N1195991W001,807998.2124,3948294.99,-119.599087,35.630495,196,248.1,52.1,12.92
3921,356305N1195991W002,807998.2124,3948294.99,-119.599087,35.630495,196,248.1,52.1,12.92
3922,356159N1195935W001,808561.7333,3946692.39,-119.593487,35.615895,198,248.2,50.2,13.68
3925,355435N1196199W001,806445.6158,3938575.586,-119.619888,35.543495,200,245.1,45.1,15.79
3926,355489N1196188W001,806524.7985,3939178.246,-119.618787,35.548895,200,244.9,44.9,15.71
3927,355431N1196193W001,806501.5575,3938533.067,-119.619287,35.543095,200,245,45,15.79
3928,355578N1196182W002,806545.2772,3940167.743,-119.618188,35.557795,200,242.7,42.7,15.53
3929,355816N1196185W001,806427.2973,3942807.884,-119.618488,35.581595,200,240.6,40.6,14.87
3930,355953N1196177W001,806447.5296,3944330.664,-119.617687,35.595295,199,240.3,41.3,14.37
3931,355865N1196036W001,807759.2461,3943398.18,-119.603588,35.586495,200,239.8,39.8,14.75
3932,355818N1195997W002,808130.8044,3942888.835,-119.599688,35.581795,200,240.4,40.4,14.93
3933,355939N1196002W001,808039.0558,3944230.011,-119.600188,35.593895,200,238.2,38.2,14.5
3934,356012N1195952W001,808464.1977,3945055.78,-119.595187,35.601195,199,237.8,38.8,14.26
3935,355931N1195724W001,810561.9332,3944228.719,-119.572388,35.593095,201,245,44,14.79
3936,355937N1195727W001,810532.42,3944294.354,-119.572688,35.593695,201,245.6,44.6,14.77
3940,355288N1196206W001,806438.1153,3936942.161,-119.620587,35.528795,200,246.1,46.1,15.92
3941,355287N1196097W001,807427.263,3936965.048,-119.609688,35.528695,202,244.3,42.3,15.93
3942,355287N1196088W001,807508.9045,3936967.859,-119.608788,35.528695,202,244.1,42.1,15.93
3943,355428N1196027W001,808008.2666,3938551.605,-119.602688,35.542795,202,243,41,15.81
3944,355730N1195996W001,808173.6286,3941912.61,-119.599587,35.572995,201,240.2,39.2,15.19
3945,355730N1195996W002,808173.6286,3941912.61,-119.599587,35.572995,201,240.2,39.2,15.19
3946,355719N1195968W001,808431.7077,3941799.321,-119.596788,35.571895,201,242,41,15.24
3947,355589N1196004W002,808155.1612,3940345.423,-119.600387,35.558895,201,242.6,41.6,15.54
3948,355768N1195997W001,808149.9859,3942333.983,-119.599688,35.576795,201,241.1,40.1,15.08
3949,355650N1195802W003,809963.3542,3941085.813,-119.580187,35.564995,204,241.2,37.2,15.49
3950,355864N1195670W001,811077.3529,3943502.285,-119.566987,35.586395,202,242.9,40.9,15.05
3951,355861N1195704W001,810770.3084,3943458.239,-119.570387,35.586095,202,241.2,39.2,15.02
3955,355144N1196210W001,806456.6482,3935342.964,-119.620987,35.514395,201,247.5,46.5,15.94
3956,355140N1196165W001,806866.4515,3935312.589,-119.616488,35.513995,202,246.8,44.8,15.94
3957,355285N1195830W002,809850.0739,3937026.565,-119.582988,35.528495,206,259.6,53.6,15.94
3958,355563N1195827W001,809770.2008,3940112.491,-119.582688,35.556295,204,249.8,45.8,15.65
3959,355572N1195627W001,811580.3652,3940275.528,-119.562687,35.557195,207,241.6,34.6,15.73
3974,355139N1195643W001,811602.9415,3935465.409,-119.564288,35.513895,210,256.9,46.9,15.94
5362,356575N1196132W001,806617.4555,3951247.065,-119.613187,35.657495,193,242.5,49.5,11.1
5369,355511N1196072W001,807568.3848,3939458.578,-119.607187,35.551095,201,252.3,51.3,15.68
5373,355650N1195802W001,809963.3542,3941085.813,-119.580187,35.564995,204,241.2,37.2,15.49
5757,356139N1196178W001,806367.4478,3946394.394,-119.617787,35.613895,198,237.4,39.4,13.57
5761,355669N1196200W001,806347.3673,3941171.957,-119.619987,35.566895,200,241.6,41.6,15.31
6216,357030N1196174W001,806063.0063,3956283.129,-119.617387,35.702995,188,227.5,39.5,8.96239
6219,356741N1196234W001,805630.305,3953057.355,-119.623387,35.674095,191,230.9,39.9,9.77355
6223,356739N1195811W001,809461.2693,3953167.779,-119.581087,35.673895,191,227.8,36.8,11.34
6229,355908N1196399W001,804452.4573,3943762.312,-119.639887,35.590795,197,238.6,41.6,14.55
6230,355903N1196399W002,804454.3532,3943706.828,-119.639887,35.590295,197,238.8,41.8,14.57
6231,356056N1196404W001,804351.0152,3945403.106,-119.640387,35.605595,196,237.3,41.3,13.96
6232,356056N1196416W001,804242.2655,3945399.39,-119.641587,35.605595,196,237.3,41.3,13.97
6233,356056N1196416W003,804242.2655,3945399.39,-119.641587,35.605595,196,237.3,41.3,13.97
6234,356044N1196296W001,805334.3303,3945303.448,-119.629587,35.604395,198,237.1,39.1,13.98
6235,356157N1196317W001,805101.0417,3946550.881,-119.631687,35.615695,197,237.1,40.1,13.47
6242,355875N1196288W001,805471.1344,3943430.55,-119.628787,35.587495,199,239.2,40.2,14.65
6243,356101N1196181W001,806354.7734,3945971.772,-119.618087,35.610095,198,237.9,39.9,13.74
6247,355578N1196182W001,806545.2772,3940167.743,-119.618188,35.557795,200,242.7,42.7,15.53
6248,355580N1196188W001,806490.1069,3940188.067,-119.618787,35.557995,200,242.6,42.6,15.53
6249,355673N1196204W001,806309.5749,3941215.099,-119.620388,35.567295,200,241.7,41.7,15.3
6250,355875N1196224W001,806051.2669,3943450.456,-119.622388,35.587495,200,239.7,39.7,14.66
6251,356013N1195920W001,808753.8327,3945076.926,-119.591988,35.601295,199,238.7,39.7,14.29
6252,355997N1195821W001,809657.2553,3944930.523,-119.582088,35.599695,200,242.2,42.2,14.45
6253,355288N1196206W002,806438.1153,3936942.161,-119.620587,35.528795,200,246.1,46.1,15.92
6254,355282N1196003W001,808281.8795,3936938.959,-119.600287,35.528195,203,247.1,44.1,15.93
6255,355865N1195682W001,810968.1872,3943509.585,-119.568187,35.586495,202,241.4,39.4,15.03
6256,355866N1195834W001,809589.9465,3943472.705,-119.583388,35.586595,201,240,39,14.88
6259,355140N1196164W001,806875.5244,3935312.901,-119.616388,35.513995,202,246.7,44.7,15.94
6260,355530N1195827W002,809782.9164,3939746.288,-119.582688,35.552995,204,252.7,48.7,15.71
6265,355139N1195849W001,809733.8923,3935400.42,-119.584887,35.513895,207,247.4,40.4,15.94
6560,356593N1196167W001,806293.588,3951435.883,-119.616687,35.659295,193,239.8,46.8,10.92
6561,355656N1196335W001,805128.2717,3940985.732,-119.633488,35.565595,198,242,44,15.35
6565,355756N1196335W002,805090.2994,3942095.422,-119.633487,35.575595,198,240.7,42.7,15.06
6566,356097N1196181W001,806356.3008,3945927.384,-119.618087,35.609695,198,238,40,13.76
6567,356231N1195896W001,808887.3992,3947503.641,-119.589587,35.623095,197,253.2,56.2,13.42
6568,355356N1196271W001,805822.6401,3937676.535,-119.627088,35.535595,199,246.3,47.3,15.88
6569,355756N1196225W001,806087.5497,3942129.607,-119.622488,35.575595,200,241.2,41.2,15.06
6570,355865N1195985W001,808221.5488,3943414.158,-119.598488,35.586495,200,239.8,39.8,14.78
6571,355865N1195985W002,808221.5488,3943414.158,-119.598488,35.586495,200,239.8,39.8,14.78
6572,355865N1195985W003,808221.5488,3943414.158,-119.598488,35.586495,200,239.8,39.8,14.78
6573,355865N1195865W001,809309.323,3943451.849,-119.586488,35.586495,201,240.2,39.2,14.86
6574,355818N1195997W001,808130.8044,3942888.835,-119.599688,35.581795,200,240.4,40.4,14.93
6575,355217N1196254W001,806029.692,3936139.352,-119.625388,35.521695,201,247.4,46.4,15.94
6576,355283N1196191W001,806576.0885,3936891.347,-119.619088,35.528295,201,245.8,44.8,15.93
6577,355708N1195638W001,811427.9084,3941781.257,-119.563788,35.570795,205,240.6,35.6,15.47
6581,355139N1195996W001,808400.1613,3935354.285,-119.599587,35.513895,204,246.5,42.5,15.94
6582,355285N1195830W001,809850.0739,3937026.565,-119.582988,35.528495,206,259.6,53.6,15.94
6583,355530N1195827W001,809782.9164,3939746.288,-119.582688,35.552995,204,252.7,48.7,15.71
6981,356014N1196176W001,806433.3046,3945007.892,-119.617587,35.601395,199,237.9,38.9,14.12
6982,355944N1195814W001,809741.1496,3944344.581,-119.581388,35.594395,200,241,41,14.65
6984,355716N1195808W001,809883.4967,3941816.33,-119.580787,35.571595,203,241.7,38.7,15.33
6985,355687N1195623W001,811572.0514,3941552.968,-119.562287,35.568695,205,240.6,35.6,15.52
6998,355137N1195985W001,808500.7304,3935335.537,-119.598488,35.513695,204,246.5,42.5,15.94
6999,355205N1195821W001,809962.5247,3936141.635,-119.582088,35.520495,207,249,42,15.94
7000,355423N1195825W001,809842.2784,3938559.531,-119.582487,35.542295,205,264.6,59.6,15.85
2514,358019N1196535W001,802420.4655,3967146.002,-119.653487,35.801895,170,213.2,43.2,12
2947,357761N1196814W001,799995.3614,3964197.062,-119.681387,35.776095,179,213.3,34.3,11.04
2948,357761N1196722W001,800827.3189,3964225.305,-119.672187,35.776095,180,212.8,32.8,10.72
2949,357414N1196931W001,799067.3515,3960310.629,-119.693087,35.741395,184,219.8,35.8,10.96
2950,357767N1196538W001,802488.9654,3964348.607,-119.653787,35.776695,179,216,37,10.71
2952,357467N1196713W001,801019.6025,3960965.555,-119.671287,35.746695,183,218.4,35.4,10.32
2953,357422N1196538W001,802619.7791,3960520.123,-119.653787,35.742195,184,219.7,35.7,9.96058
2954,357517N1196563W001,802357.6225,3961566.619,-119.656287,35.751695,183,218,35,10.16
2957,357241N1196547W001,802606.924,3958508.781,-119.654687,35.724095,186,222.6,36.6,9.6273
3864,357686N1197260W001,795990.0419,3963228.999,-119.725987,35.768595,181,216.4,35.4,12.62
3872,357320N1196997W001,798505.3878,3959247.391,-119.699687,35.731995,185,221.8,36.8,11.13
3873,357394N1196914W001,799228.6435,3960093.884,-119.691387,35.739395,184,220.1,36.1,10.86
3881,357180N1196615W001,802014.6476,3957810.885,-119.661487,35.717995,186,222.9,36.9,9.7452
5598,358400N1196841W001,799510.828,3971279.777,-119.684087,35.839995,157,213.6,56.6,13.95
5733,357752N1196714W001,800903.059,3964127.891,-119.671387,35.775195,180,213,33,10.68
6187,357686N1197265W001,795944.8232,3963227.487,-119.726487,35.768595,181,216.5,35.5,12.64
6194,357533N1196729W001,800849.9844,3961693.038,-119.672887,35.753295,182,217.4,35.4,10.45
6195,357853N1196646W001,801479.8014,3965269.623,-119.664587,35.785295,176,217.4,41.4,11.01
6202,357252N1196859W001,799779.5257,3958534.939,-119.685887,35.725195,186,222.5,36.5,10.58
6545,357617N1197146W001,797046.718,3962497.85,-119.714587,35.761695,182,217,35,12.05
6551,357189N1196621W001,801956.949,3957908.909,-119.662087,35.718895,186,222.7,36.7,9.7481
2520,358039N1196004W001,807213.113,3967533.459,-119.600387,35.803895,172,213.7,41.7,12.96
2521,358158N1195935W001,807790.8856,3968875.742,-119.593487,35.815795,168,210,42,13.57
2522,358181N1195785W001,809137.7701,3969178.313,-119.578487,35.818095,165,209.8,44.8,13.96
2539,357894N1195377W001,812938.246,3966123.122,-119.537687,35.789395,173,213.4,40.4,13.99
2540,358331N1194913W002,816959.7356,3971122.268,-119.491287,35.833095,160,207.6,47.6,15.41
2541,358278N1194652W001,819339.6935,3970619.066,-119.465187,35.827795,163,207.6,44.6,15.45
2542,358347N1194649W001,819339.1134,3971385.797,-119.464888,35.834695,163,207.6,44.6,15.45
2958,357611N1195891W001,808400.1701,3962819.366,-119.589087,35.761095,182,217.7,35.7,11.57
2959,357750N1195710W001,809983.2919,3964419.077,-119.570987,35.774995,180,216.3,36.3,12.61
2960,358789N1194832W001,817508.7654,3976231.367,-119.483187,35.878895,157,212.8,55.8,15.6
3217,357606N1195816W001,809080.4815,3962787.535,-119.581587,35.760595,182,217.8,35.8,11.8
3219,357181N1196074W001,806910.1754,3957990.069,-119.607387,35.718095,186,222.5,36.5,9.75072
3220,357756N1195435W001,812467.9021,3964573.129,-119.543487,35.775595,180,214.7,34.7,13.49
3221,357722N1195349W001,813258.9977,3964223.311,-119.534887,35.772195,181,214.2,33.2,13.68
3222,357828N1195260W001,814022.1535,3965428.178,-119.525987,35.782795,176,212.8,36.8,14.15
3224,357831N1194893W001,817339.6517,3965579.898,-119.489288,35.783095,176,209.2,33.2,14.93
3230,357183N1195417W001,812855.1851,3958220.038,-119.541687,35.718295,186,220.8,34.8,12.91
3874,358900N1195310W001,813147.7894,3977308.765,-119.530987,35.889995,154,202,48,15.54
3878,357334N1196103W001,806589.0094,3959678.858,-119.610287,35.733395,184,222.5,38.5,10.14
3882,357481N1195803W001,809246.5022,3961404.475,-119.580287,35.748095,183,219.4,36.4,11.51
3885,357172N1195460W001,812470.3372,3958084.245,-119.545987,35.717195,187,221.3,34.3,12.7
5605,357978N1195732W001,809695.7375,3966942.314,-119.573187,35.797795,171,214.7,43.7,13.42
5606,358042N1195554W001,811280.0058,3967709.065,-119.555387,35.804195,166,212.7,46.7,14.07
5610,358653N1194696W001,818791.6696,3974766.386,-119.469587,35.865295,160,208.1,48.1,15.45
5736,357828N1195432W001,812466.8131,3965373.106,-119.543187,35.782795,177,214.2,37.2,13.68
5738,357236N1196241W001,805377.8404,3958548.235,-119.624087,35.723595,186,222.6,36.6,9.49917
5739,357181N1195985W001,807715.61,3958017.981,-119.598487,35.718095,186,222.5,36.5,10.11
5741,357236N1195804W001,809332.3427,3958685.322,-119.580387,35.723595,186,222.5,36.5,11.07
6196,358769N1195182W001,814355.5395,3975896.121,-119.518187,35.876895,156,212.6,56.6,15.57
6197,357609N1195985W001,807550.7141,3962767.597,-119.598487,35.760895,182,217.6,35.6,11.28
6198,357757N1195817W001,809012.9314,3964462.916,-119.581687,35.775695,180,217.1,37.1,12.3
6199,357888N1195795W001,809161.0787,3965923.619,-119.579487,35.788795,176,215.5,39.5,12.93
6200,358700N1195110W001,815033.2036,3975153.591,-119.510987,35.869995,157,213.6,56.6,15.57
6201,358911N1194866W001,817152.9547,3977574.245,-119.486587,35.891095,156,212.7,56.7,15.6
6203,357625N1195714W001,809995.6966,3963030.639,-119.571387,35.762495,182,217.2,35.2,12.21
6204,357825N1195710W001,809954.1343,3965251.381,-119.570987,35.782495,177,215.7,38.7,12.86
6205,357775N1195658W001,810443.8185,3964712.998,-119.565787,35.777495,179,215.8,36.8,12.85
6217,357149N1195806W001,809347.9231,3957719.227,-119.580587,35.714895,187,222.6,35.6,10.91
6547,358044N1195732W001,809670.0814,3967674.742,-119.573187,35.804395,168,213.2,45.2,13.64
6548,358642N1195043W001,815661.4409,3974531.564,-119.504287,35.864195,157,212.8,55.8,15.52
6552,357181N1196166W001,806077.5938,3957961.294,-119.616587,35.718095,186,225,39,9.46179
6557,357172N1195802W001,809375.2202,3957975.727,-119.580187,35.717195,187,222.5,35.5,10.97
6973,357169N1195665W001,810616.2388,3957985.776,-119.566487,35.716895,187,222.1,35.1,11.66
6974,357228N1195538W001,811742.5809,3958680.853,-119.553787,35.722795,186,220.7,34.7,12.38
2916,360967N1199588W001,773801.9135,3998956.882,-119.958787,36.096695,151,230.7,79.7,11.73
2925,360792N1199674W001,773088.0261,3996990.801,-119.967387,36.079195,152,229.3,77.3,12.42
2926,360794N1199671W001,773114.3565,3997013.837,-119.967087,36.079395,152,229.2,77.2,12.41
2927,360936N1199499W001,774614.2162,3998638.015,-119.949887,36.093595,151,226.1,75.1,11.93
3853,360510N1199610W001,773762.3175,3993879.619,-119.960987,36.050995,155,215.3,60.3,13.46
3855,360900N1198810W001,780832.2571,3998435.524,-119.880987,36.089995,145,183.9,38.9,14.13
3856,360300N1199110W001,778341.7788,3991691.277,-119.910987,36.029995,156,184.6,28.6,14.38
5314,360397N1199613W001,773774.4525,3992624.884,-119.961287,36.039695,155,200.7,45.7,13.86
5707,360939N1199638W001,773361.34,3998632.099,-119.963787,36.093895,151,231.5,80.5,11.84
6172,360942N1199488W001,774711.1918,3998707.705,-119.948787,36.094195,151,225.8,74.8,11.92
6173,360941N1199319W001,776233.5542,3998744.536,-119.931887,36.094095,150,218.2,68.2,12.26
6175,360651N1199587W001,773920.6379,3995450.69,-119.958687,36.065095,153,221.9,68.9,12.96
6528,360942N1199313W001,776287.2399,3998757.339,-119.931287,36.094195,150,218,68,12.27
6927,361018N1199498W001,774594.6558,3999548.21,-119.949787,36.101795,151,228.4,77.4,11.6
6931,360944N1199406W001,775448.9831,3998753.119,-119.940587,36.094395,151,223,72,12.05
3195,360647N1198071W001,787580.4531,3995844.184,-119.807087,36.064695,141,182.9,41.9,15.83
3196,360792N1197893W001,789131.0404,3997506.06,-119.789287,36.079195,118,182.9,64.9,16.25
3197,360650N1197893W001,789183.0878,3995930.29,-119.789287,36.064995,123,182.8,59.8,15.96
3203,360939N1197157W001,795705.9422,3999358.897,-119.715687,36.093895,86,184.4,98.4,16.11
3207,360792N1196785W001,799112.1904,3997841.494,-119.678487,36.079195,82,186.8,104.8,15.45
3208,360908N1196593W001,800797.5522,3999188.083,-119.659287,36.090795,89,189.2,100.2,15.43
3211,360642N1196529W001,801475.6756,3996256.002,-119.652887,36.064195,82,187.5,105.5,15.24
3858,360800N1198110W001,787173.3748,3997530.478,-119.810987,36.079995,139,182.8,43.8,16.04
5321,360317N1196443W001,802375.0019,3992676.047,-119.644287,36.031695,89,187.9,98.9,15.23
5323,360419N1196460W001,802182.7377,3993802.7,-119.645987,36.041895,87,189,102,15.23
5721,360650N1196971W001,797490.1775,3996208.572,-119.697087,36.064995,87,185.1,98.1,15.41
6179,360800N1197810W001,789875.7737,3997619.568,-119.780987,36.079995,114,182.9,68.9,16.3
6183,359500N1196310W001,803887.5139,3983650.887,-119.630987,35.949995,118,192.2,74.2,15.23
6956,360600N1197800W001,790039.3696,3995403.151,-119.779987,36.059995,118,182.9,64.9,15.89
6960,360900N1196600W001,800737.5543,3999097.136,-119.659987,36.089995,89,189,100,15.43
2325,360506N1195371W001,811963.4407,3995112.166,-119.537087,36.050595,122,205.3,83.3,15.23
2328,360400N1196174W001,804767.7359,3993681.111,-119.617387,36.039995,86,190.2,104.2,15.23
2331,360258N1196171W001,804849.5716,3992106.203,-119.617087,36.025795,92,190.3,98.3,15.23
2332,360214N1195818W001,808048.9322,3991729.121,-119.581787,36.021395,100,193.1,93.1,15.23
2333,360244N1195185W001,813743.7676,3992264.377,-119.518487,36.024395,140,203.7,63.7,15.23
2337,360075N1195449W001,811430.3636,3990304.02,-119.544887,36.007495,127,195.8,68.8,15.23
2497,360217N1194921W001,816134.5802,3992050.216,-119.492087,36.021695,147,208.1,61.1,15.23
2508,360069N1194921W002,816193.7834,3990407.719,-119.492087,36.006895,147,206.9,59.9,15.23
2515,359783N1195191W001,813872.605,3987146.34,-119.519087,35.978295,145,196.3,51.3,15.23
2516,359778N1195191W001,813874.5879,3987090.851,-119.519087,35.977795,145,196.3,51.3,15.23
2955,359636N1194782W001,817620.9578,3985647.56,-119.478187,35.963595,152,199,47,15.23
3209,360842N1195893W001,807128.3301,3998674.716,-119.589287,36.084195,104,196.9,92.9,15.23
3210,360794N1195727W001,808642.4663,3998194.643,-119.572687,36.079395,107,198.9,91.9,15.23
3862,360200N1196110W001,805421.8856,3991481.682,-119.610987,36.019995,95,189.8,94.8,15.23
3865,359600N1195710W001,809262.5196,3984949.429,-119.570987,35.959995,128,193.2,65.2,15.23
3875,359800N1194810W001,817302.5912,3987458.495,-119.480987,35.979995,151,201.5,50.5,15.23
3877,359300N1194810W001,817502.9502,3981909.534,-119.480987,35.929995,154,202.6,48.6,15.6
5320,360650N1195229W001,813186.0057,3996755.929,-119.522887,36.064995,136,211.2,75.2,15.23
5322,360561N1195060W001,814744.282,3995822.815,-119.505987,36.056095,145,213.2,68.2,15.23
5324,360506N1195413W001,811584.933,3995098.694,-119.541287,36.050595,118,203.6,85.6,15.23
5325,360506N1195266W001,812909.7122,3995145.915,-119.526587,36.050595,134,210.2,76.2,15.23
5328,360289N1195993W001,806442.1688,3992506.163,-119.599287,36.028895,94,191.4,97.4,15.23
5333,360211N1195457W001,811304.6588,3991810.754,-119.545687,36.021095,120,196.9,76.9,15.23
5339,360033N1195721W001,808994.1618,3989751.207,-119.572087,36.003295,110,193.2,83.2,15.23
5342,359853N1195188W001,813871.9004,3987924.154,-119.518787,35.985295,145,196.9,51.9,15.23
5352,359781N1194835W003,817084.6953,3987239.489,-119.483487,35.978095,151,202.3,51.3,15.23
6185,360200N1195210W001,813535.8477,3991768.01,-119.520987,36.019995,139,201.9,62.9,15.23
6188,359900N1195710W001,809145.3331,3988278.714,-119.570987,35.989995,115,193.3,78.3,15.23
6542,360333N1195729W001,808804.7788,3993077.965,-119.572887,36.033295,98,194.1,96.1,15.23
6961,360700N1196100W001,805318.6314,3997033.602,-119.609987,36.069995,91,192.7,101.7,15.23
6962,360400N1195900W001,807237.3292,3993767.341,-119.589987,36.039995,92,192.6,100.6,15.23
6966,359900N1194900W001,816450.7637,3988538.994,-119.489987,35.989995,149,198.5,49.5,15.23
6969,359600N1194800W001,817472.9901,3985242.166,-119.479987,35.959995,152,198.6,46.6,15.23
1670,362844N1199399W001,774846.5019,4019838.719,-119.939887,36.284395,143,234.6,91.6,23.49
1681,362611N1199496W001,774056.5571,4017225.656,-119.949587,36.261095,142,248.7,106.7,20.59
1682,362703N1199229W001,776423.5809,4018322.524,-119.922887,36.270295,143,233.7,90.7,23.66
1683,362706N1199049W001,778039.9681,4018407.404,-119.904887,36.270595,142,228.2,86.2,25.04
1684,362844N1199049W001,777990.9725,4019938.772,-119.904887,36.284395,141,225.4,84.4,26.57
1685,362775N1199049W001,778015.4723,4019173.088,-119.904887,36.277495,141,227.3,86.3,25.82
1686,362925N1199046W001,777989.1565,4020838.482,-119.904587,36.292495,141,222.9,81.9,27.41
1692,362522N1198877W001,779651.2016,4016415.154,-119.887687,36.252195,142,220,78,23.73
1693,362844N1198874W001,779563.2194,4019989.226,-119.887387,36.284395,133,219.1,86.1,27.78
1696,362639N1198688W001,781307.9309,4017768.285,-119.868787,36.263895,128,213.7,85.7,25.96
1697,362550N1198691W001,781312.9222,4016779.783,-119.869087,36.254995,129,214.4,85.4,24.66
1701,362494N1198560W001,782510.5008,4016196.518,-119.855987,36.249395,123,207.6,84.6,24.17
1714,361586N1198402W001,784259.2285,4006166.705,-119.840187,36.158595,137,194.3,57.3,17.57
1716,361531N1198188W001,786205.006,4005619.311,-119.818787,36.153095,117,193.2,76.2,18.36
1917,362553N1199499W001,774049.8794,4016581.198,-119.949887,36.255295,142,249.6,107.6,19.97
1918,362550N1199238W001,776396.678,4016622.144,-119.923787,36.254995,144,237.9,93.9,21.85
1919,362408N1199588W001,773300.5411,4014947.013,-119.958787,36.240795,140,256.5,116.5,17.76
1920,362408N1199413W001,774873.6415,4014996.565,-119.941287,36.240795,142,248,106,18.91
1921,362333N1199321W001,775727.0138,4014190.475,-119.932087,36.233295,144,242.6,98.6,18.55
1922,362481N1199168W001,777050.1974,4015876.483,-119.916787,36.248095,145,233.3,88.3,21.47
1925,362267N1198888W001,779643.2587,4013582.275,-119.888787,36.226695,144,218.2,74.2,20.05
1926,362942N1198432W001,783498.8015,4021205.443,-119.843187,36.294195,124,214.7,90.7,29.25
1927,362667N1198352W001,784317.313,4018177.235,-119.835187,36.266695,127,212.8,85.8,26.01
2262,361889N1199404W001,775136.4181,4009239.949,-119.940387,36.188895,139,245.5,106.5,13.17
2263,361811N1199516W001,774156.1789,4008342.677,-119.951587,36.181095,136,251.4,115.4,12.38
2264,362031N1198871W001,779880.2512,4010968.332,-119.887087,36.203095,145,217.3,72.3,17.23
2265,362014N1198871W001,779886.3108,4010779.686,-119.887087,36.201395,146,217.5,71.5,17.06
2266,362014N1198871W002,779886.3108,4010779.686,-119.887087,36.201395,146,217.5,71.5,17.06
2267,362056N1198704W001,781373.2327,4011294.129,-119.870387,36.205595,144,208.8,64.8,18.39
2268,361967N1198727W001,781198.2547,4010299.83,-119.872687,36.196695,145,207.6,62.6,17.41
2269,361731N1199557W001,773815.212,4007443.364,-119.955687,36.173095,136,252.7,116.7,11.92
2270,361672N1199416W001,775104.4233,4006828.577,-119.941587,36.167195,138,243.8,105.8,11.9
2271,361814N1199382W001,775360.5936,4008413.949,-119.938187,36.181395,139,243.8,104.8,12.74
2272,361889N1198954W001,779184.2527,4009368.641,-119.895387,36.188895,147,222,75,15.42
2273,361894N1198779W001,780756.6377,4009474.682,-119.877887,36.189395,146,209.9,63.9,16.5
2274,361561N1199238W001,776745.0629,4005647.496,-119.923787,36.156095,140,233,93,12.11
2275,361514N1199066W001,778309.5122,4005175.166,-119.906587,36.151395,144,222,78,12.99
2276,361817N1198810W001,780505.2749,4008611.25,-119.880987,36.181695,147,211.6,64.6,15.77
2277,361744N1198691W001,781601.9701,4007835.684,-119.869087,36.174395,146,207.9,61.9,16.08
2278,361803N1198513W001,783182.1763,4008542.254,-119.851287,36.180295,140,204.5,64.5,17.43
2279,361669N1198613W001,782330.6705,4007026.104,-119.861287,36.166895,146,208.1,62.1,16.33
2280,361600N1198702W001,781554.5677,4006234.545,-119.870187,36.159995,147,208,61,15.58
2281,362061N1198388W001,784213.3479,4011441.863,-119.838787,36.206095,116,202.8,86.8,19.65
2282,362256N1198257W001,785320.5829,4013644.301,-119.825687,36.225595,119,210,91,21.67
2284,361739N1198260W001,785481.5085,4007906.259,-119.825987,36.173895,116,199.7,83.7,18.51
2815,362261N1199585W001,773378.7392,4013316.655,-119.958487,36.226095,138,256.1,118.1,16.15
2816,362261N1199404W001,775006.0804,4013367.907,-119.940387,36.226095,142,248.3,106.3,16.86
2817,362261N1199227W001,776597.4664,4013418.322,-119.922687,36.226095,145,236.3,91.3,17.95
2818,362203N1199054W001,778173.4588,4012824.266,-119.905387,36.220295,146,226.4,80.4,18.24
2832,362128N1199060W001,778146.0889,4011990.284,-119.905987,36.212795,146,227.4,81.4,17.26
2833,362103N1199057W001,778181.9261,4011713.726,-119.905687,36.210295,146,227.6,81.6,16.98
2834,362189N1198871W001,779823.9209,4012721.632,-119.887087,36.218895,145,215.6,70.6,19.11
2835,362186N1198871W001,779824.9906,4012688.341,-119.887087,36.218595,145,215.6,70.6,19.07
2836,362111N1198866W001,779896.6958,4011857.523,-119.886587,36.211095,145,217.6,72.6,18.16
2837,362258N1198871W001,779799.3142,4013487.314,-119.887087,36.225795,144,213.8,69.8,20.02
2849,362042N1198871W001,779876.3301,4011090.397,-119.887087,36.204195,145,217.1,72.1,17.35
2850,362111N1198716W001,781245.6066,4011900.973,-119.871587,36.211095,144,209.4,65.4,18.93
2851,362186N1198696W001,781398.5695,4012739.049,-119.869587,36.218595,141,207.9,66.9,19.92
2859,361558N1199477W001,774595.3718,4005546.278,-119.947687,36.155795,139,245.8,106.8,11.13
2917,361231N1199138W001,777761.3982,4002014.179,-119.913787,36.123095,141,215.6,74.6,12.29
2928,361361N1198813W001,780640.9606,4003550.248,-119.881287,36.136095,148,196.4,48.4,14.34
2929,361375N1198702W001,781635.1014,4003737.763,-119.870187,36.137495,149,195.2,46.2,15.07
2930,361378N1198710W001,781562.0185,4003768.732,-119.870987,36.137795,149,195.8,46.8,15.03
3801,362990N1199590W001,773079.5877,4021404.72,-119.958987,36.298995,143,244.2,101.2,22.62
3804,362700N1199414W001,774762.2605,4018236.524,-119.941387,36.269995,143,240.8,97.8,22.12
3806,362583N1199588W001,773239.5348,4016888.929,-119.958787,36.258295,140,253.3,113.3,19.62
3808,362280N1199589W001,773336.1562,4013526.361,-119.958887,36.227995,139,256.4,117.4,16.33
3809,362409N1199230W001,776518.3107,4015059.784,-119.922987,36.240895,145,237.6,92.6,20.14
3811,362264N1199277W001,776146.8655,4013437.341,-119.927687,36.226395,144,239.1,95.1,17.67
3812,362262N1199051W001,778179.5148,4013479.838,-119.905087,36.226195,145,226.9,81.9,19.05
3813,362410N1199050W001,778136.0165,4015122.453,-119.904987,36.240995,144,228.2,84.2,21.04
3819,362110N1199410W001,775005.0447,4011690.606,-119.940987,36.210995,140,246.9,106.9,15.13
3820,362070N1199230W001,776637.8106,4011297.99,-119.922987,36.206995,144,237.7,93.7,15.62
3821,362090N1199050W001,778249.4833,4011571.478,-119.904987,36.208995,146,227.4,81.4,16.87
3822,362260N1198700W001,781336.0669,4013559.058,-119.869987,36.225995,139,210.9,71.9,20.85
3823,362503N1198713W001,781132.051,4016251.833,-119.871287,36.250295,132,215.1,83.1,23.93
3826,361960N1199055W001,778250.5824,4010127.463,-119.905487,36.195995,146,232.5,86.5,15.46
3827,361970N1198870W001,779910.9876,4010291.715,-119.886987,36.196995,146,216.8,70.8,16.63
3830,361378N1199499W001,774460.1746,4003542.673,-119.949887,36.137795,144,242.9,98.9,10.1
3833,361668N1199421W001,775060.8345,4006782.772,-119.942087,36.166795,138,244.2,106.2,11.86
3834,361894N1198879W001,779857.1156,4009445.757,-119.887887,36.189395,147,217.9,70.9,15.91
3835,361900N1198710W001,781375.1604,4009561.275,-119.870987,36.189995,145,207.5,62.5,16.95
3840,361400N1199310W001,776153.6429,4003840.422,-119.930987,36.139995,140,231.4,91.4,11.23
3841,361560N1199240W001,776727.4169,4005635.829,-119.923987,36.155995,140,232.9,92.9,12.1
3842,361672N1198858W001,780125.1338,4006988.335,-119.885787,36.167195,147,211.2,64.2,14.72
3843,361652N1199057W001,778341.6645,4006709.094,-119.905687,36.165195,145,224,79,13.43
3849,361385N1199057W001,778436.1511,4003746.275,-119.905687,36.138495,143,219.5,76.5,12.82
3850,361673N1198694W001,781600.412,4007046.937,-119.869387,36.167295,147,206.8,59.8,15.8
4344,362701N1199587W002,773207.3704,4018198.62,-119.958687,36.270095,141,249.3,108.3,20.71
4345,361088N1199544W001,774156.0682,4000311.968,-119.954387,36.108795,150,232,82,11.26
4848,362703N1199229W002,776423.5809,4018322.524,-119.922887,36.270295,143,233.7,90.7,23.66
4849,362533N1199052W001,778074.4039,4016486.788,-119.905187,36.253295,143,228.4,85.4,22.89
4850,362533N1198874W001,779674.2403,4016538.087,-119.887387,36.253295,142,220.1,78.1,23.89
4851,362844N1198877W001,779536.2666,4019988.359,-119.887687,36.284395,133,219.3,86.3,27.76
5516,362519N1199238W001,776407.6106,4016278.144,-119.923787,36.251895,145,237.9,92.9,21.47
5517,362408N1199588W002,773300.5411,4014947.013,-119.958787,36.240795,140,256.5,116.5,17.76
5518,362344N1199229W001,776550.2211,4014338.781,-119.922887,36.234395,145,236.4,91.4,19.03
5519,362494N1199052W001,778088.2405,4016054.012,-119.905187,36.249395,144,227.5,83.5,22.38
5521,362267N1199588W001,773349.6763,4013382.387,-119.958787,36.226695,138,256.3,118.3,16.2
5536,361814N1199502W001,774281.0758,4008379.928,-119.950187,36.181395,136,250.9,114.9,12.42
5537,361894N1199052W001,778300.9485,4009395.938,-119.905187,36.189395,146,227.8,81.8,14.89
5540,361522N1199413W001,775183.8959,4005164.939,-119.941287,36.152195,140,242.8,102.8,11.12
5542,361814N1199066W001,778203.3414,4008504.18,-119.906587,36.181395,146,226.8,80.8,14.21
5543,361897N1198727W001,781223.3163,4009523.05,-119.872687,36.189695,146,207.8,61.8,16.83
5549,361742N1198724W001,781305.7858,4007803.909,-119.872387,36.174195,147,206.4,59.4,15.86
5553,361494N1198871W001,780071.5435,4005009.356,-119.887087,36.149395,147,208.2,61.2,14.22
5554,361606N1198782W001,780832.5357,4006277.929,-119.878187,36.160595,148,208.5,60.5,15.05
5555,361533N1198766W001,781002.5926,4005472.498,-119.876587,36.153295,148,203.2,55.2,15
5556,361544N1198577W001,782699.5266,4005649.485,-119.857687,36.154395,147,197.2,50.2,16.3
5562,361497N1198624W001,782293.4256,4005114.244,-119.862387,36.149695,148,196.5,48.5,15.87
5699,362033N1199499W001,774231.5994,4010810.934,-119.949887,36.203295,138,251.4,113.4,14.01
5700,362025N1199410W001,775034.8198,4010747.39,-119.940987,36.202495,140,246.5,106.5,14.29
5701,362047N1199049W001,778273.7172,4011094.604,-119.904887,36.204695,147,228,81,16.39
5703,361972N1199049W001,778300.2966,4010262.347,-119.904887,36.197195,147,229.1,82.1,15.61
6150,362850N1199410W001,774745.5705,4019902.174,-119.940987,36.284995,143,234.6,91.6,23.43
6152,362583N1199588W002,773239.5348,4016888.929,-119.958787,36.258295,140,253.3,113.3,19.62
6153,362418N1199589W001,773288.0667,4015057.698,-119.958887,36.241795,140,256.4,116.4,17.86
6154,362540N1199050W001,778089.8958,4016565.041,-119.904987,36.253995,143,228.4,85.4,22.99
6155,362896N1198725W001,780883.2214,4020609.452,-119.872487,36.289595,122,217.8,95.8,29.06
6156,362266N1199433W001,774743.5947,4013415.158,-119.943287,36.226595,141,249.3,108.3,16.75
6159,362100N1198874W001,779828.6753,4011733.146,-119.887387,36.209995,145,216.3,71.3,17.99
6160,362263N1198873W001,779779.549,4013542.221,-119.887287,36.226295,144,216.9,72.9,20.08
6161,361959N1199408W001,775075.9237,4010015.578,-119.940787,36.195895,139,245.6,106.6,13.71
6162,361961N1199366W001,775452.9842,4010049.703,-119.936587,36.196095,140,243.8,103.8,13.9
6164,361900N1198910W001,779576.129,4009503.391,-119.890987,36.189995,147,220.4,73.4,15.77
6166,361380N1199260W001,776610.7103,4003632.731,-119.925987,36.137995,140,228.1,88.1,11.52
6167,361700N1198510W001,783246.2822,4007400.149,-119.850987,36.169995,142,202.9,60.9,17.09
6168,362500N1198310W001,784755.4286,4016336.376,-119.830987,36.249995,124,211.6,87.6,24.2
6169,362000N1198210W001,785836.3873,4010817.316,-119.820987,36.199995,111,202.9,91.9,19.54
6525,362500N1198310W002,784755.4286,4016336.376,-119.830987,36.249995,124,211.6,87.6,24.2
6866,362846N1199588W001,773147.8029,4019807.358,-119.958787,36.284595,142,246.2,104.2,21.8
6874,362481N1199587W001,773284.0842,4015757.352,-119.958687,36.248095,140,255.7,115.7,18.57
6875,362479N1199586W001,773293.7697,4015735.441,-119.958587,36.247895,140,255.7,115.7,18.56
6876,362659N1199321W001,775612.367,4017808.014,-119.932087,36.265895,144,237.7,93.7,22.46
6877,362847N1199050W001,777980.9229,4019971.775,-119.904987,36.284695,141,225.4,84.4,26.59
6878,362812N1199050W001,777993.3506,4019583.384,-119.904987,36.281195,141,226.4,85.4,26.22
6879,362781N1199049W001,778013.342,4019239.669,-119.904887,36.278095,141,227.8,86.8,25.89
6885,362479N1199131W001,777383.4757,4015864.887,-119.913087,36.247895,144,231.3,87.3,21.69
6886,362778N1198875W001,779577.802,4019256.54,-119.887487,36.277795,134,221.1,87.1,26.99
6897,362265N1199138W001,777396.2435,4013488.169,-119.913787,36.226495,146,231.7,85.7,18.56
6905,362037N1199499W001,774230.2024,4010855.321,-119.949887,36.203695,138,251.4,113.4,14.04
6906,362075N1199230W001,776636.0487,4011353.474,-119.922987,36.207495,144,236.7,92.7,15.68
6907,362073N1199230W001,776636.7535,4011331.28,-119.922987,36.207295,144,237.1,93.1,15.66
6908,362103N1198869W001,779872.5699,4011767.881,-119.886887,36.210295,145,217.8,72.8,18.05
6911,362553N1198513W001,782911.6574,4016864.973,-119.851287,36.255295,121,207.9,86.9,24.93
6914,361744N1198791W001,780702.2735,4007806.682,-119.879087,36.174395,147,208.2,61.2,15.45
6915,361700N1198800W001,780637.0092,4007315.817,-119.879987,36.169995,147,208.1,61.1,15.19
6916,362400N1198300W001,784881.6501,4015229.613,-119.829987,36.239995,122,211.2,89.2,23.16
6917,362400N1198300W002,784881.6501,4015229.613,-119.829987,36.239995,122,211.2,89.2,23.16
6928,361400N1198900W001,779843.9779,4003957.893,-119.889987,36.139995,147,206.9,59.9,13.85
7224,361667N1199415W001,775115.1704,4006773.378,-119.941487,36.166695,138,243.8,105.8,11.88
1715,362186N1197260W001,794311.2135,4013165.912,-119.725987,36.218595,130,221.2,91.2,18.69
1717,361606N1198152W001,786501.6672,4006462.215,-119.815187,36.160595,110,196.3,86.3,18.69
1718,361617N1198124W001,786749.6197,4006592.558,-119.812387,36.161695,106,196.5,90.5,18.72
1719,362017N1197066W001,796119.4772,4011349.587,-119.706587,36.201695,127,215.8,88.8,18.13
1720,362108N1197177W001,795086.9033,4012325.574,-119.717687,36.210795,128,217.8,89.8,18.47
1721,362250N1196574W001,800455.4724,4014086.856,-119.657387,36.224995,138,224.3,86.3,16.76
1722,361958N1197257W001,794423.6971,4010636.626,-119.725687,36.195795,124,212.8,88.8,18.44
1723,361994N1196741W001,799051.3933,4011194.186,-119.674087,36.199395,128,217.4,89.4,17.21
1724,361983N1196704W001,799388.3893,4011083.542,-119.670387,36.198295,128,215.5,87.5,17.11
1725,361964N1196727W001,799188.7492,4010865.583,-119.672687,36.196395,128,214.8,86.8,17.16
1726,361967N1196649W001,799889.2129,4010922.993,-119.664887,36.196695,129,213.1,84.1,16.96
1727,362108N1196474W001,801409.1934,4012542.074,-119.647387,36.210795,134,219.2,85.2,16.58
1733,361678N1196904W001,797704.9951,4007637.196,-119.690387,36.167795,120,208.9,88.9,17.25
1734,362006N1196463W001,801547.303,4011413.54,-119.646287,36.200595,131,217.6,86.6,16.54
1754,361750N1196368W001,802500.3658,4008602.16,-119.636787,36.174995,126,212.8,86.8,16.18
1777,361414N1196460W001,801801.529,4004844.702,-119.645987,36.141395,112,208.5,96.5,15.94
1928,362692N1197932W001,788082.4552,4018578.938,-119.793187,36.269195,135,223,88,23.94
1930,362697N1197627W001,790821.428,4018725.703,-119.762687,36.269695,139,227.6,88.6,21.73
1931,362618N1197496W001,792028.0884,4017888.483,-119.749587,36.261795,139,223.7,84.7,20.61
1936,362397N1197991W001,787660.5332,4015287.714,-119.799087,36.239695,127,216.2,89.2,22.37
1937,362478N1197627W001,790902.7287,4016295.394,-119.762687,36.247795,134,222.8,88.8,20.98
1938,362483N1197632W001,790855.9291,4016349.377,-119.763187,36.248295,134,222.7,88.7,21.03
1939,362868N1197454W001,792312.2121,4020675.515,-119.745387,36.286795,143,232.3,89.3,20.64
1950,362264N1197682W001,790487.6116,4013904.061,-119.768187,36.226395,127,217.9,90.9,20.23
1951,362267N1197518W001,791961.0675,4013986.685,-119.751787,36.226695,129,219.3,90.3,19.58
1952,362857N1197277W001,793906.5834,4020607.108,-119.727687,36.285695,143,230.6,87.6,19.32
1981,362897N1196732W001,798787.9379,4021218.083,-119.673187,36.289695,145,241.7,96.7,16.43
2004,361964N1196366W001,802435.9558,4010977.679,-119.636587,36.196395,132,216.8,84.8,16.33
2007,361675N1196360W001,802601.2215,4007772.336,-119.635987,36.167495,123,212.2,89.2,16.09
2008,361744N1196282W001,803276.4709,4008562.449,-119.628187,36.174395,129,213,84,16.03
2010,361906N1196252W001,803483.8113,4010369.664,-119.625187,36.190595,134,217.6,83.6,16.1
2012,361528N1196366W001,802603.8018,4006139.115,-119.636587,36.152795,118,210.4,92.4,15.94
2016,361383N1196218W001,803991.8459,4004576.241,-119.621787,36.138295,116,209.6,93.6,15.62
2283,362632N1197410W001,792795.7605,4018069.843,-119.740987,36.263195,140,226.8,86.8,20.06
2285,361897N1198118W001,786701.4498,4009701.502,-119.811787,36.189695,108,203.2,95.2,19.11
2286,362256N1197718W001,790166.8851,4013804.488,-119.771787,36.225595,126,217.5,91.5,20.34
2287,362278N1197310W001,793827.1398,4014171.684,-119.730987,36.227795,132,218.5,86.5,18.87
2288,362456N1197218W001,794587.4503,4016174.985,-119.721787,36.245595,137,223.1,86.1,18.62
2289,362397N1197132W001,795382.7521,4015546.451,-119.713187,36.239695,136,223,87,18.21
2290,362549N1197266W001,794121.0653,4017192.442,-119.726587,36.254895,139,227.4,88.4,19
2291,362835N1197168W001,794894.1907,4020396.156,-119.716787,36.283495,142,233.4,91.4,18.59
2292,362835N1197168W002,794894.1907,4020396.156,-119.716787,36.283495,142,233.4,91.4,18.59
2298,362580N1197099W001,795610.3873,4017587.364,-119.709887,36.257995,139,228.4,89.4,18.07
2299,362691N1197035W001,796143.639,4018838.763,-119.703487,36.269095,140,230.4,90.4,17.76
2303,362406N1196466W001,801366.6223,4015851.664,-119.646587,36.240595,143,227.3,84.3,16.44
2304,362314N1196527W001,800853.5332,4014811.702,-119.652687,36.231395,141,222.9,81.9,16.62
2305,362539N1196599W001,800120.0249,4017286.313,-119.659887,36.253895,144,228.4,84.4,16.64
2306,362719N1196729W001,798882.8455,4019243.632,-119.672887,36.271895,144,236.5,92.5,16.57
2307,362867N1196727W001,798844.315,4020886.7,-119.672687,36.286695,145,240.3,95.3,16.44
2308,362894N1196679W001,799265.2508,4021201.186,-119.667887,36.289395,145,239.5,94.5,16.31
2309,362872N1196568W001,800270.9508,4020991.459,-119.656787,36.287195,146,238.8,92.8,16.2
2311,362611N1196504W001,800946.2663,4018114.859,-119.650387,36.261095,144,231.4,87.4,16.45
3198,361283N1197346W001,793875.3332,4003118.957,-119.734587,36.128295,94,187.9,93.9,17.31
3199,361292N1197071W001,796347.6782,4003302.465,-119.707087,36.129195,103,191.2,88.2,16.81
3200,361228N1196974W001,797245.0947,4002621.902,-119.697387,36.122795,102,191.9,89.9,16.48
3201,361231N1196799W001,798819.5487,4002708.936,-119.679887,36.123095,104,194.6,90.6,16.19
3204,361083N1196807W001,798803.6679,4001064.058,-119.680687,36.108295,97,189.8,92.8,15.92
3205,361158N1196343W001,802953.202,4002040.189,-119.634287,36.115795,105,202.9,97.9,15.51
3844,362800N1197610W001,790935.9231,4019873.841,-119.760987,36.279995,142,227,85,21.82
3852,362100N1198010W001,787598.59,4011986.221,-119.800987,36.209995,120,209,89,20.18
3854,362699N1197110W001,795466.6311,4018904.603,-119.710987,36.269895,140,232.2,92.2,18.2
3857,362000N1196410W001,802026.324,4011363.466,-119.640987,36.199995,132,218,86,16.42
3859,361500N1196410W001,802218.5571,4005814.662,-119.640987,36.149995,116,209.7,93.7,15.98
4861,362019N1196332W001,802720.5816,4011598.67,-119.633187,36.201895,134,219.4,85.4,16.29
5133,362108N1197263W001,794313.4889,4012299.405,-119.726287,36.210795,127,216.7,89.7,18.6
5134,362100N1196910W001,797491.1308,4012318.479,-119.690987,36.209995,130,217.8,87.8,17.73
5135,362244N1196749W001,798884.2087,4013966.101,-119.674887,36.224395,134,222,88,17.19
5138,361892N1197207W001,794898.2238,4009919.407,-119.720687,36.189195,122,212.2,90.2,18.27
5139,361889N1197082W001,796023.8162,4009924.229,-119.708187,36.188895,123,212,89,18.01
5140,362106N1196685W001,799512.3559,4012454.415,-119.668487,36.210595,130,217.8,87.8,17.09
5141,362172N1196482W001,801312.6703,4013249.832,-119.648187,36.217195,135,217.7,82.7,16.59
5142,362108N1196407W001,802011.7516,4012562.947,-119.640687,36.210795,135,222.3,87.3,16.44
5143,362108N1196479W001,801364.2264,4012540.518,-119.647887,36.210795,134,219.1,85.1,16.59
5149,361525N1197882W001,788961.0868,4005643.461,-119.788187,36.152495,99,191.9,92.9,18.54
5157,361492N1197049W001,796470.3746,4005528.655,-119.704887,36.149195,112,202.8,90.8,17.22
5158,361678N1196732W001,799252.6926,4007690.152,-119.673187,36.167795,120,210.4,90.4,16.85
5159,361750N1196454W001,801726.5783,4008575.354,-119.645387,36.174995,124,212.8,88.8,16.34
5315,362764N1196760W001,798587.1095,4019733.448,-119.675987,36.276395,144,237.7,93.7,16.6
5317,362906N1196724W001,798856.3747,4021320.435,-119.672387,36.290595,145,241.4,96.4,16.41
5538,362869N1197991W001,787487.2672,4020525.587,-119.799087,36.286895,138,222.9,84.9,25.4
5550,362928N1197624W001,790762.5773,4021290.089,-119.762387,36.292795,144,229.5,85.5,22.06
5557,362397N1197927W001,788235.8722,4015306.754,-119.792687,36.239695,128,215.8,87.8,22.12
5558,362546N1197438W001,792576.2347,4017106.998,-119.743787,36.254595,138,223.8,85.8,20.06
5563,362269N1197304W001,793884.4591,4014073.629,-119.730387,36.226895,131,219.4,88.4,18.84
5564,362453N1197243W001,794363.8472,4016134.085,-119.724287,36.245295,137,222.4,85.4,18.74
5565,362306N1197110W001,795614.8342,4014543.3,-119.710987,36.230595,134,224,90,18.17
5566,362400N1196866W001,797772.934,4015661.258,-119.686587,36.239995,137,228.9,91.9,17.24
5567,362383N1196704W001,799235.7951,4015522.566,-119.670387,36.238295,143,224.7,81.7,16.92
5568,362546N1196971W001,796773.7055,4017249.238,-119.697087,36.254595,139,229.1,90.1,17.46
5569,362878N1196996W001,796423.3022,4020925.951,-119.699587,36.287795,143,236.5,93.5,17.56
5574,362547N1196527W001,800764.1201,4017397.455,-119.652687,36.254695,144,229.7,85.7,16.51
5719,360994N1196691W001,799882.1304,4000112.153,-119.669087,36.099395,93,189.3,96.3,15.63
6170,362400N1197810W001,789286.5596,4015374.953,-119.780987,36.239995,130,218,88,21.59
6174,362400N1197110W001,795579.3988,4015586.46,-119.710987,36.239995,136,224.6,88.6,18.12
6176,361900N1197910W001,788571.3912,4009796.534,-119.790987,36.189995,112,205.4,93.4,19.14
6177,361900N1197210W001,794868.2335,4010007.272,-119.720987,36.189995,122,212.5,90.5,18.29
6180,361153N1197707W001,790673.3855,4001567.615,-119.770687,36.115295,102,182.9,80.9,17.34
6529,362541N1197293W001,793881.3868,4017095.458,-119.729287,36.254095,139,227.6,88.6,19.15
6532,362344N1196952W001,797021.014,4015013.371,-119.695187,36.234395,134,228,94,17.57
6939,361600N1197700W001,790571.3263,4006530.125,-119.769987,36.159995,101,200.8,99.8,18.61
6940,362000N1196700W001,799417.8853,4011273.437,-119.669987,36.199995,129,216.7,87.7,17.11
6941,362619N1196577W001,800287.1052,4018180.953,-119.657687,36.261895,144,228.9,84.9,16.52
6942,361600N1197800W001,789671.4381,4006500.206,-119.779987,36.159995,99,198.1,99.1,18.68
6943,361700N1196900W001,797732.6547,4007882.568,-119.689987,36.169995,120,209.3,89.3,17.28
6950,361753N1196460W001,801671.4416,4008606.779,-119.645987,36.175295,124,212.8,88.8,16.35
6959,361158N1196258W001,803718.572,4002066.753,-119.625787,36.115795,107,205.1,98.1,15.45
2013,361539N1196104W001,804957.5694,4006343.264,-119.610387,36.153895,129,213.2,84.2,15.66
2017,361461N1195921W001,806634.9892,4005535.347,-119.592087,36.146095,134,213.3,79.3,15.47
3202,361375N1196074W001,805291.2112,4004532.682,-119.607387,36.137495,121,210.3,89.3,15.51
3206,361094N1196091W001,805247.1082,4001408.891,-119.609087,36.109395,109,201.6,92.6,15.34
4866,361744N1196196W001,804050.2684,4008589.393,-119.619587,36.174395,133,212.9,79.9,15.92
5716,361233N1196160W001,804571.9895,4002929.786,-119.615987,36.123295,112,206.7,94.7,15.46
5717,361236N1195902W001,806893.7411,4003044.365,-119.590187,36.123595,122,207.6,85.6,15.34
6181,361100N1196010W001,805974.1953,4001500.979,-119.600987,36.109995,111,202.4,91.4,15.31
2144,364682N1200646W001,763023.1851,4039886.905,-120.064587,36.468195,131,199.5,68.5,14.17
2145,364880N1200488W001,764371.947,4042127.328,-120.048787,36.487995,134,194.9,60.9,12.92
2183,364593N1200299W001,766163.6979,4038994.647,-120.029887,36.459295,137,199.1,62.1,14.9
2184,364727N1200229W001,766745.2,4040500.981,-120.022887,36.472695,138,196.9,58.9,14.19
2436,364449N1200488W001,764518.4945,4037344.659,-120.048787,36.444895,133,207.8,74.8,15.54
2437,364452N1200485W001,764544.3711,4037378.772,-120.048487,36.445195,133,207.8,74.8,15.53
2440,364313N1200263W001,766582.2784,4035897.521,-120.026287,36.431295,137,208.1,71.1,16.01
2441,364305N1200129W001,767786.6118,4035845.899,-120.012887,36.430495,139,204.4,65.4,16.09
2442,364374N1200352W001,765763.3939,4036549.835,-120.035187,36.437395,135,208.3,73.3,15.84
2443,364513N1200141W001,767607.4922,4038150.689,-120.014087,36.451295,139,200.2,61.2,15.19
2444,364591N1200135W001,767634.4484,4039017.905,-120.013487,36.459095,140,198,58,14.86
2445,364366N1200213W001,767012.4543,4036499.49,-120.021287,36.436595,138,205,67,15.81
3765,364443N1200492W001,764484.6717,4037276.981,-120.049187,36.444295,133,208,75,15.56
3773,364154N1200134W001,767793.6825,4034168.904,-120.013387,36.415395,138,212.5,74.5,16.75
5236,364796N1200596W001,763432.6921,4041165.595,-120.059587,36.479595,132,197.9,65.9,13.51
5242,364735N1200510W001,764224.1004,4040512.266,-120.050987,36.473495,133,197.9,64.9,13.87
5657,364938N1200618W001,763187.4499,4042735.304,-120.061787,36.493795,132,193,61,12.62
5677,364896N1200171W001,767206.9086,4042392.426,-120.017087,36.489595,140,197.6,57.6,13.19
5678,364893N1200127W001,767602.1953,4042371.361,-120.012687,36.489295,140,197.6,57.6,13.31
5685,364158N1200129W001,767837.1519,4034214.68,-120.012887,36.415795,138,211.9,73.9,16.75
5686,364227N1200129W001,767813.4312,4034980.354,-120.012887,36.422695,139,207.3,68.3,16.45
5687,364303N1200488W001,764568.103,4035724.549,-120.048787,36.430295,133,214,81,16.07
5693,364011N1200129W001,767887.6744,4032583.464,-120.012887,36.401095,139,219.8,80.8,17.32
6127,364150N1200310W001,766216.5295,4034075.772,-120.030987,36.414995,135,215.9,80.9,16.51
6131,364020N1200130W001,767875.6113,4032683.057,-120.012987,36.401995,139,219.2,80.2,17.29
6133,363986N1200133W001,767860.3816,4032304.936,-120.013287,36.398595,139,221.6,82.6,17.39
6503,364518N1200132W001,767686.4548,4038208.674,-120.013187,36.451795,139,200,61,15.16
6810,364663N1200677W001,762751.7616,4039667.606,-120.067687,36.466295,131,200.3,69.3,14.28
6811,364713N1200649W001,762985.8134,4040230.082,-120.064887,36.471295,131,198.9,67.9,14.01
6830,364081N1200135W001,767809.7999,4033358.567,-120.013487,36.408095,138,216.8,78.8,17.05
6832,364010N1200134W001,767843.1653,4032570.979,-120.013387,36.400995,139,220.1,81.1,17.31
6833,364014N1200132W001,767859.732,4032615.921,-120.013187,36.401395,139,219.7,80.7,17.3
7201,364600N1200400W001,765255.971,4039044.457,-120.039987,36.459995,135,199.7,64.7,14.85
7202,364900N1200200W001,766945.6857,4042428.765,-120.019987,36.489995,139,197.9,58.9,13.1
1640,363867N1199779W001,771077.4316,4031083.323,-119.977887,36.386695,140,221.4,81.4,19.29
1656,363422N1199057W001,777713.7625,4026350.487,-119.905687,36.342195,140,214.9,74.9,27.89
1664,363139N1199588W001,773045.5393,4023058.699,-119.958787,36.313895,143,241.2,98.2,23.11
1671,362994N1199321W001,775494.4619,4021525.438,-119.932087,36.299395,142,231.9,89.9,25.3
1672,363131N1199049W001,777889.024,4023123.581,-119.904887,36.313095,140,218.4,78.4,28.93
1673,363067N1199146W001,777040.5424,4022385.528,-119.914587,36.306695,141,223.8,82.8,27.54
1674,363211N1199052W001,777833.6537,4024010.471,-119.905187,36.321095,140,217.9,77.9,29.12
1694,363072N1198874W001,779481.7755,4022519.33,-119.887387,36.307195,134,213.1,79.1,30.28
1695,363461N1198468W001,782987.4771,4026954.29,-119.846787,36.346095,141,221.9,80.9,29.45
1698,363728N1198296W001,784434.2758,4029967.798,-119.829587,36.372795,152,227.1,75.1,21.36
1699,363794N1198157W001,785657.5332,4030741.285,-119.815687,36.379395,154,231.7,77.7,19.68
1910,363575N1199766W001,771295.5638,4027846.72,-119.976587,36.357495,141,231.6,90.6,20.51
1911,363531N1199754W001,771418.5649,4027361.836,-119.975387,36.353095,141,233.8,92.8,20.77
1916,363278N1199663W001,772323.5673,4024579.979,-119.966287,36.327795,142,241.1,99.1,22.35
1923,363133N1198477W001,783025.4413,4023311.798,-119.847687,36.313295,122,215.6,93.6,31.46
1924,363128N1198291W001,784697.7445,4023310.956,-119.829087,36.312795,132,217.9,85.9,29.38
2220,363717N1199582W001,772897.4391,4029474.337,-119.958187,36.371695,140,221.6,81.6,21.02
2221,363722N1199421W001,774340.5079,4029575.473,-119.942087,36.372195,140,218.4,78.4,21.85
2222,363689N1199410W001,774450.8274,4029212.404,-119.940987,36.368895,140,220.4,80.4,22.18
2223,363811N1199407W001,774434.8384,4030567.077,-119.940687,36.381095,140,216.3,76.3,21.21
2224,363942N1199499W001,773563.3689,4031994.637,-119.949887,36.394195,140,213.7,73.7,19.96
2233,363883N1199318W001,775208.0329,4031391.41,-119.931787,36.388295,141,213,72,20.86
2245,363500N1199466W001,774014.5858,4027099.189,-119.946587,36.349995,140,230.3,90.3,23.23
2246,363503N1199410W001,774516.2206,4027148.388,-119.940987,36.350295,140,228.3,88.3,23.69
2247,363433N1199327W001,775285.9463,4026395.239,-119.932687,36.343295,140,224.6,84.6,24.98
2257,363667N1198832W001,779645.9689,4029134.207,-119.883187,36.366695,142,216.8,74.8,24.58
2260,363881N1198629W001,781390.6667,4031568.01,-119.862887,36.388095,155,221.4,66.4,18.25
2446,364449N1199682W001,771744.6793,4037568.994,-119.968187,36.444895,140,203.8,63.8,15.84
2447,364441N1199752W001,771119.8754,4037460.495,-119.975187,36.444095,140,203,63,15.74
2448,364571N1199682W001,771702.0768,4038922.816,-119.968187,36.457095,140,203.2,63.2,14.66
2449,364449N1199596W001,772515.7207,4037593.288,-119.959587,36.444895,140,204.9,64.9,16.11
2744,364921N1199668W001,771705.2302,4042810.694,-119.966787,36.492095,148,207.2,59.2,13.44
2762,364518N1199454W001,773764.5647,4038399.244,-119.945387,36.451795,140,206.7,66.7,15.96
2763,364735N1199579W001,772567.9051,4040771.824,-119.957887,36.473495,144,207.9,63.9,12.92
2772,364432N1199502W001,773364.4598,4037431.273,-119.950187,36.443195,140,206.5,66.5,16.68
2775,364199N1199496W001,773500.0811,4034847.391,-119.949587,36.419895,140,204.4,64.4,18.26
2776,364232N1199449W001,773909.9975,4035226.936,-119.944887,36.423195,141,206.6,65.6,18.15
2777,364299N1199085W001,777150.5762,4036074.505,-119.908487,36.429895,153,210.6,57.6,17.38
2779,364310N1198927W001,778563.504,4036242.132,-119.892687,36.430995,157,217.7,60.7,16.73
2780,364268N1198963W001,778255.6858,4035765.653,-119.896287,36.426795,157,214.7,57.7,17.14
2781,364255N1198960W001,778287.2346,4035622.257,-119.895987,36.425495,157,215.2,58.2,17.21
2796,364305N1198391W001,783371.8758,4036342.94,-119.839087,36.430495,160,227.2,67.2,14.75
2804,364180N1198168W001,785417.4582,4035021.587,-119.816787,36.417995,160,233.1,73.1,15.12
3783,364010N1200042W001,768668.4564,4032596.57,-120.004187,36.400995,140,218.4,78.4,17.6
3784,364009N1199862W001,770283.5089,4032635.773,-119.986187,36.400895,140,213.3,73.3,18.24
3789,363864N1199593W001,772747.3289,4031102.461,-119.959287,36.386395,140,218,78,20.13
3797,363563N1199770W001,771263.83,4027712.435,-119.976987,36.356295,141,232.3,91.3,20.53
3802,363400N1199210W001,776347.9763,4026062.461,-119.920987,36.339995,140,220.4,80.4,26.45
3810,363300N1198510W001,782668.6752,4025155.352,-119.850987,36.329995,132,218,86,32.87
4341,363860N1199950W001,769545.5943,4030957.73,-119.994987,36.385995,141,223.3,82.3,18.53
5115,363428N1199410W001,774542.5806,4026316.125,-119.940987,36.342795,140,228.3,88.3,24.21
5118,363286N1199229W001,776217.6913,4024791.98,-119.922887,36.328595,140,222.3,82.3,26.88
5126,363208N1198691W002,781076.5365,4024081.605,-119.869087,36.320795,125,214.4,89.4,33.11
5270,363944N1199407W001,774388.0427,4032042.965,-119.940687,36.394395,141,212.2,71.2,20.19
5284,363069N1199227W001,776312.3227,4022384.533,-119.922687,36.306895,141,226.6,85.6,26.69
5285,363047N1199232W001,776275.1845,4022138.973,-119.923187,36.304695,141,226.7,85.7,26.52
5286,363133N1199046W001,777915.256,4023146.637,-119.904587,36.313295,140,218.3,78.3,28.98
5287,363981N1198804W001,779784.6147,4032626.808,-119.880387,36.398095,159,217.9,58.9,18.52
5290,364097N1198449W001,782927.2975,4034017.672,-119.844887,36.409695,160,222.9,62.9,15.79
5295,364185N1198163W001,785460.4713,4035078.555,-119.816287,36.418495,160,233.1,73.1,15.08
5478,363794N1199954W001,769532.5079,4030224.228,-119.995387,36.379395,141,225.7,84.7,18.72
5479,363789N1199854W001,770431.5501,4030196.726,-119.985387,36.378895,141,224.8,83.8,19.24
5481,363719N1199766W001,771245.5215,4029444.654,-119.976587,36.371895,141,224.1,83.1,19.96
5482,363650N1199777W001,771170.7796,4028675.886,-119.977687,36.364995,141,228.6,87.6,20.16
5483,363719N1199579W001,772923.6618,4029497.38,-119.957887,36.371895,140,221.5,81.5,21.03
5484,363722N1199504W001,773595.6634,4029551.908,-119.950387,36.372195,140,221,81,21.42
5491,363572N1199421W001,774393.2317,4027910.944,-119.942087,36.357195,140,226.6,86.6,23.07
5492,364493N1199460W001,773719.5696,4038120.114,-119.945987,36.449295,140,206.6,66.6,16.25
5493,364424N1199232W001,775788.0771,4037419.454,-119.923187,36.442395,147,210.1,63.1,17.01
5497,363428N1199593W001,772899.7149,4026264.251,-119.959287,36.342795,141,235.4,94.4,22.52
5498,363489N1199407W001,774548.0717,4026993.885,-119.940687,36.348895,140,228.3,88.3,23.82
5499,363503N1199368W001,774893.2366,4027160.338,-119.936787,36.350295,140,226.2,86.2,24.05
5500,363433N1199327W002,775285.9463,4026395.239,-119.932687,36.343295,140,224.6,84.6,24.98
5501,363467N1199046W001,777796.5121,4026853.014,-119.904587,36.346695,140,217.9,77.9,27.43
5502,364199N1199493W001,773526.9867,4034848.242,-119.949287,36.419895,140,204.3,64.3,18.26
5503,364352N1199154W001,776512.9989,4036642.825,-119.915387,36.435195,150,209.5,59.5,17.26
5505,364205N1198949W001,778403.7541,4035070.58,-119.894887,36.420495,158,216.2,58.2,17.5
5511,364033N1199049W001,777568.1597,4033133.05,-119.904887,36.403295,154,212.8,58.8,19.27
5512,364149N1198621W001,781365.6897,4034544.384,-119.862087,36.414895,160,221.3,61.3,16.13
5522,363092N1198438W001,783390.5599,4022868.248,-119.843787,36.309195,123,215.7,92.7,30.73
5528,363053N1198438W001,783404.6907,4022435.461,-119.843787,36.305295,123,217.7,94.7,30.37
5695,364053N1199685W001,771855.967,4033173.789,-119.968487,36.405295,140,211.6,71.6,18.64
5696,364443N1199771W002,770948.8317,4037477.343,-119.977087,36.444295,140,202.7,62.7,15.69
5697,364527N1199593W001,772515.3012,4038459.697,-119.959287,36.452695,140,204.8,64.8,15.3
6134,364154N1199936W001,769569.526,4034224.089,-119.993587,36.415395,140,207.3,67.3,17.23
6138,363790N1199770W001,771184.9488,4030231.4,-119.976987,36.378995,140,223.8,83.8,19.67
6148,363800N1199010W001,778001.0661,4030558.676,-119.900987,36.379995,145,212.5,67.5,21.99
6511,364224N1199949W001,769428.7202,4034997.229,-119.994887,36.422395,140,207,67,16.8
6512,364743N1199863W001,770019.8408,4040780.564,-119.986287,36.474295,140,199.7,59.7,14.02
6518,364510N1199321W001,774959.7185,4038348.354,-119.932087,36.450995,146,207.9,61.9,16.37
6521,364039N1199038W001,777664.6983,4033202.799,-119.903787,36.403895,154,212.8,58.8,19.18
6523,363128N1198266W001,784922.2739,4023318.325,-119.826587,36.312795,134,218.4,84.4,29.08
6834,364155N1199935W001,769578.149,4034235.465,-119.993487,36.415495,140,207.2,67.2,17.22
6857,364421N1199168W001,776362.966,4037404.504,-119.916787,36.442095,149,212.3,63.3,16.83
6872,363064N1199317W001,775505.7397,4022303.355,-119.931687,36.306395,142,230.5,88.5,25.71
6880,362991N1198870W001,779546.645,4021621.633,-119.886987,36.299095,135,213,78,29.48
6898,364000N1198100W001,786093.4354,4033044.225,-119.809987,36.399995,159,236.2,77.2,16.71
6909,363700N1198300W001,784408.5841,4029655.896,-119.829987,36.369995,151,227.8,76.8,22.02
7207,364700N1199600W001,772391.9579,4040377.487,-119.959987,36.469995,142,206.1,64.1,13.27
7213,363400N1198800W001,780028.8972,4026180.574,-119.879987,36.339995,140,214.7,74.7,31.19
7214,363800N1199000W001,778090.7986,4030561.558,-119.899987,36.379995,145,212.9,67.9,21.98
1450,363119N1196727W001,798748.061,4023683.308,-119.672687,36.311895,146,243.3,97.3,16.26
1700,363947N1197888W001,788014.9102,4032519.175,-119.788787,36.394695,158,235,77,17.03
1702,363144N1197968W001,787592.7922,4023584.17,-119.796787,36.314395,144,227.8,83.8,25.54
1703,363800N1197974W001,787297.4841,4030862.213,-119.797387,36.379995,156,232.7,76.7,19
1704,363981N1197799W001,788800.8087,4032923.106,-119.779887,36.398095,158,241.6,83.6,16.51
1705,364002N1197624W001,790362.9966,4033208.711,-119.762387,36.400195,157,242.3,85.3,15.93
1706,363139N1197799W001,789112.446,4023579.122,-119.779887,36.313895,146,232.7,86.7,23.74
1707,363863N1197571W001,790890.3318,4031682.134,-119.757087,36.386295,156,242,86,16.79
1708,363927N1197477W001,791709.8405,4032420.766,-119.747687,36.392695,156,243,87,16.09
1709,363481N1197810W001,788887.1923,4027371.119,-119.780987,36.348095,152,234.9,82.9,21.72
1710,363425N1197785W001,789132.3534,4026757.151,-119.778487,36.342495,151,237.7,86.7,22.01
1929,363931N1197227W001,793951.3844,4032541.073,-119.722687,36.393095,154,246.4,92.4,15.65
1932,363764N1197093W001,795216.8731,4030728.699,-119.709287,36.376395,151,246.2,95.2,16.1
1940,362980N1197471W001,792117.6645,4021913.285,-119.747087,36.297995,145,233.7,88.7,20.75
1941,363675N1197188W001,794397.9093,4029711.983,-119.718787,36.367495,151,244.3,93.3,16.73
1942,363603N1197266W001,793724.9435,4028889.189,-119.726587,36.360295,151,240.7,89.7,17.39
1943,363675N1197041W001,795717.2606,4029756.935,-119.704087,36.367495,151,248.2,97.2,16.32
1944,363681N1197127W001,794943.1267,4029797.198,-119.712687,36.368095,151,247.6,96.6,16.52
1953,363274N1197327W001,793300.9326,4025219.56,-119.732687,36.327395,148,241.9,93.9,19.27
1954,363519N1197279W001,793639.8494,4027953.04,-119.727887,36.351895,150,241,91,17.89
1955,363517N1196927W001,796800.5072,4028038.505,-119.692687,36.351695,149,252.9,103.9,16.52
1956,363425N1196746W001,798460.5183,4027073.325,-119.674587,36.342495,147,248.7,101.7,16.3
1957,363419N1196799W001,797986.9652,4026990.367,-119.679887,36.341895,147,248.1,101.1,16.42
1966,363028N1196866W001,797534.2276,4022630.533,-119.686587,36.302795,145,240.1,95.1,16.86
1967,362944N1196910W001,797170.8959,4021684.797,-119.690987,36.294395,144,238.2,94.2,17.11
1968,363286N1197124W001,795119.2948,4025414.571,-119.712387,36.328595,148,241.5,93.5,18.01
1969,363225N1196829W001,797791.5492,4024828.166,-119.682887,36.322495,146,243.9,97.9,16.46
1970,363239N1196735W001,798630.363,4025012.555,-119.673487,36.323895,146,245.6,99.6,16.15
1982,363128N1196816W001,797945.2619,4023755.703,-119.681587,36.312795,146,243.4,97.4,16.56
1983,363078N1196649W001,799464.3351,4023252.451,-119.664887,36.307795,146,244.1,98.1,16.09
1984,363053N1196554W001,800327.2446,4023004.494,-119.655387,36.305295,147,244.5,97.5,15.98
2316,362981N1196582W001,800103.3576,4022196.76,-119.658187,36.298095,146,242.5,96.5,16.08
2805,364160N1198004W001,786895.7556,4034848.331,-119.800387,36.415995,160,233.8,73.8,15.26
2852,364014N1197460W002,791829.7956,4033391.395,-119.745987,36.401395,157,244.2,87.2,15.54
3824,363100N1198110W001,786333.593,4023053.718,-119.810987,36.309995,140,222.3,82.3,27.19
4852,363722N1197282W001,793536.564,4030204.929,-119.728187,36.372195,152,242.3,90.3,16.8
4853,363388N1197438W001,792261.5381,4026451.019,-119.743787,36.338795,149,240,91,19.53
4855,363431N1197163W001,794714.3843,4027011.805,-119.716287,36.343095,149,247.4,98.4,17.71
4856,363269N1197113W001,795224.4932,4025229.274,-119.711287,36.326895,147,241,94,18
4857,363417N1196979W001,796371.6495,4026912.765,-119.697887,36.341695,148,246.5,98.5,16.97
4858,363286N1196641W001,799456.503,4025563.253,-119.664087,36.328595,146,246.8,100.8,15.87
5127,363725N1198007W001,787028.9505,4030020.091,-119.800687,36.372495,155,232.8,77.8,20.2
5128,363561N1197907W001,787986.8952,4028229.922,-119.790687,36.356095,153,233.3,80.3,21.7
5131,363194N1197610W001,790789.4358,4024246.2,-119.760987,36.319395,148,235.7,87.7,21.77
5132,363342N1197629W001,790563.7757,4025882.896,-119.762887,36.334195,150,238.9,88.9,21.25
5296,364163N1198007W001,786867.7428,4034880.73,-119.800687,36.416295,160,234,74,15.24
5316,362981N1196629W001,799681.1418,4022182.175,-119.662887,36.298095,146,238.4,92.4,16.14
5572,362986N1196693W001,799104.2988,4022217.837,-119.669287,36.298595,146,240.7,94.7,16.27
5573,363039N1196729W001,798760.6589,4022794.877,-119.672887,36.303895,145,244.6,99.6,16.33
6171,363599N1197410W001,792433.9053,4028801.068,-119.740987,36.359895,152,238.7,86.7,18.07
6918,363500N1197800W001,788969.9338,4027584.961,-119.779987,36.349995,152,234.3,82.3,21.45
6919,363500N1197800W002,788969.9338,4027584.961,-119.779987,36.349995,152,234.3,82.3,21.45
6920,363500N1197800W003,788969.9338,4027584.961,-119.779987,36.349995,152,234.3,82.3,21.45
7218,364300N1198000W001,786880.0591,4036403.156,-119.799987,36.429995,160,233.3,73.3,14.41
1052,366924N1202216W001,748232.5719,4064347.546,-120.221587,36.692395,105,167.3,62.3,12.79
1062,366222N1202557W001,745408.2141,4056470.074,-120.255687,36.622195,101,167.3,66.3,14.5
1063,366222N1202557W002,745408.2141,4056470.074,-120.255687,36.622195,101,167.3,66.3,14.5
1068,366022N1202260W003,748128.8466,4054327.17,-120.225987,36.602195,106,171.2,65.2,14.34
1069,366032N1202018W001,750290.7439,4054500.96,-120.201787,36.603195,110,170.7,60.7,14.08
1372,366611N1202888W001,742325.6337,4060702.373,-120.288787,36.661095,100,162.3,62.3,15.44
1395,366857N1202252W001,747932.3929,4063594.758,-120.225187,36.685695,102,163.5,61.5,12.91
1593,366322N1202677W001,744303.292,4057549.079,-120.267687,36.632195,100,166.5,66.5,14.71
1594,366417N1202591W001,745042.2947,4058625.166,-120.259087,36.641695,100,165.2,65.2,14.42
1595,366469N1202577W002,745150.989,4059205.754,-120.257687,36.646895,100,164.9,64.9,14.35
2663,366456N1202977W001,741578.451,4058959.994,-120.297687,36.645595,100,164.6,64.6,15.52
4220,366542N1202751W001,743572.1493,4059971.444,-120.275087,36.654195,100,163.3,63.3,14.93
4802,366222N1202557W003,745408.2141,4056470.074,-120.255687,36.622195,101,167.3,66.3,14.5
5062,366857N1202799W001,743043.8221,4063454.603,-120.279887,36.685695,100,162.6,62.6,15.56
5063,366857N1202799W003,743043.8221,4063454.603,-120.279887,36.685695,100,162.6,62.6,15.56
5074,366256N1202835W002,742910.9963,4056776.606,-120.283487,36.625595,100,166.9,66.9,15.11
5080,366321N1202299W001,747684.1687,4057634.914,-120.229887,36.632095,100,167.5,67.5,13.73
5085,366031N1202324W001,747553.3735,4054410.514,-120.232387,36.603095,105,172.6,67.6,14.4
5086,366022N1202260W004,748128.8466,4054327.17,-120.225987,36.602195,106,171.2,65.2,14.34
5087,366685N1202060W001,749703.9603,4061736.013,-120.205987,36.668495,103,168.8,65.8,12.21
6743,366857N1202799W002,743043.8221,4063454.603,-120.279887,36.685695,100,162.6,62.6,15.56
7170,366900N1202000W001,750170.6106,4064137.42,-120.199987,36.689995,112,172.1,60.1,11.6
1077,366582N1201427W001,755396.5528,4060759.842,-120.142687,36.658195,121,183.5,62.5,12.38
1411,366652N1201516W001,754577.7736,4061512.934,-120.151587,36.665195,123,182.5,59.5,12.13
1604,366502N1201782W001,752248.8144,4059778.127,-120.178187,36.650195,106,172.5,66.5,12.37
2148,365860N1200029W001,768145.8228,4053129.373,-120.002887,36.585995,150,207.5,57.5,9.72863
2432,365030N1200624W001,763102.5309,4043754.558,-120.062387,36.502995,132,191.2,59.2,12.01
2729,365743N1200213W001,766539.4389,4051779.805,-120.021287,36.574295,140,201.4,61.4,8.78337
2730,365677N1200210W001,766588.9997,4051048.242,-120.020987,36.567695,140,199.7,59.7,8.27099
2734,365246N1200349W001,765492.2947,4046227.022,-120.034887,36.524595,138,191.6,53.6,9.56364
2735,365396N1200077W001,767876.5988,4047967.001,-120.007687,36.539595,156,197.9,41.9,6.88424
5088,366893N1201891W001,751146.988,4064088.264,-120.189087,36.689295,116,175.9,59.9,11.06
5093,366460N1201827W001,751860.1443,4059300.243,-120.182687,36.645995,104,171.7,67.7,12.54
5094,366780N1201882W001,751264.2103,4062836.71,-120.188187,36.677995,113,175,62,11.44
5095,366760N1201696W001,752933.2531,4062663.712,-120.169587,36.675995,119,179.4,60.4,11.55
5668,365443N1200438W001,764627.987,4048388.553,-120.043787,36.544295,136,192.5,56.5,8.66042
5669,365571N1200163W001,767046.2319,4049885.024,-120.016287,36.557095,148,198,50,7.36166
6775,366891N1201602W001,753730.3839,4064142.227,-120.160187,36.689095,123,183.2,60.2,11.6
2732,365749N1199899W001,769347.82,4051933.989,-119.989887,36.574895,158,208.9,50.9,9.21479
2733,365680N1199902W001,769344.9564,4051167.455,-119.990187,36.567995,159,208.1,49.1,8.73096
2736,365505N1199899W001,769432.6376,4049226.325,-119.989887,36.550495,161,206.1,45.1,7.9959
2741,365235N1199902W001,769499.5668,4046229.307,-119.990187,36.523495,157,202.7,45.7,10.7
5679,365391N1199938W001,769123.0177,4047950.344,-119.993787,36.539095,160,202.7,42.7,8.09942
5694,365071N1199693W001,771428.8054,4044468.183,-119.969287,36.507095,153,207.6,54.6,13.29
6128,365377N1199671W001,771518.8149,4047870.075,-119.967087,36.537695,161,211,50,10.68
7203,365400N1200000W001,768564.7145,4048032.876,-119.999987,36.539995,159,202.1,43.1,7.3481
1019,367524N1203204W001,739217.2484,4070753.856,-120.320387,36.752395,100,163.1,63.1,18
1020,367599N1203146W001,739711.7818,4071600.602,-120.314587,36.759895,100,163.1,63.1,17.8
1021,367560N1203149W001,739697.1426,4071167.092,-120.314887,36.755995,100,163.1,63.1,17.87
1022,367560N1203185W001,739375.7073,4071158.077,-120.318487,36.755995,100,163.1,63.1,17.92
1023,367560N1203185W002,739375.7073,4071158.077,-120.318487,36.755995,100,163.1,63.1,17.92
1024,367538N1203185W002,739382.549,4070913.958,-120.318487,36.753795,100,163.1,63.1,17.96
1025,367632N1203235W001,738906.9182,4071944.513,-120.323487,36.763195,100,163.1,63.1,17.82
1026,367560N1203249W001,738804.2675,4071142.081,-120.324887,36.755995,100,163.1,63.1,17.96
1027,367602N1203138W001,739782.2736,4071635.896,-120.313787,36.760195,100,163.1,63.1,17.78
1028,367602N1203138W003,739782.2736,4071635.896,-120.313787,36.760195,100,163.1,63.1,17.78
1029,367602N1203138W004,739782.2736,4071635.896,-120.313787,36.760195,100,163.1,63.1,17.78
1030,367341N1202654W001,744186.3469,4068862.149,-120.265387,36.734095,100,165.9,65.9,16.1
1031,367341N1202696W001,743811.2278,4068851.441,-120.269587,36.734095,100,166.9,66.9,16.3
1032,367630N1202871W001,742157.3194,4072013.865,-120.287087,36.762995,100,163.1,63.1,17.14
1033,367630N1202871W002,742157.3194,4072013.865,-120.287087,36.762995,100,163.1,63.1,17.14
1035,367066N1202604W001,744720.2251,4065823.396,-120.260387,36.706595,100,162.6,62.6,15.16
1036,367341N1202596W001,744704.369,4068876.963,-120.259587,36.734095,101,167.2,66.2,15.82
1037,367485N1202602W001,744605.0373,4070473.322,-120.260187,36.748495,101,171,70,16.1
1038,367485N1202688W001,743837.0797,4070451.368,-120.268787,36.748495,100,171.1,71.1,16.45
1039,367488N1202699W001,743737.9029,4070481.855,-120.269887,36.748795,100,170.6,70.6,16.5
1040,367813N1202713W001,743510.009,4074084.645,-120.271287,36.781295,101,163.1,62.1,16.63
1045,367330N1202238W001,747905.3724,4068847.039,-120.223787,36.732995,108,175.4,67.4,14.16
1046,367418N1202513W001,745421.1403,4069752.648,-120.251287,36.741795,102,168.7,66.7,15.6
1047,367382N1202460W001,745905.9544,4069366.781,-120.245987,36.738195,103,170.9,67.9,15.28
1048,367488N1202507W001,745452.4079,4070530.943,-120.250687,36.748795,102,171,69,15.71
1053,367091N1202154W001,748732.7584,4066216.752,-120.215387,36.709095,111,172.1,61.1,12.91
1054,367193N1202238W001,747949.4558,4067326.812,-120.223787,36.719295,109,172.5,63.5,13.67
1055,367263N1202060W001,749516.9049,4068149.824,-120.205987,36.726295,113,180.7,67.7,13.23
1056,367457N1202232W001,747918.075,4070257.858,-120.223187,36.745695,108,177.3,69.3,14.55
1057,367452N1202327W001,747071.3158,4070177.8,-120.232687,36.745195,105,172.5,67.5,14.9
1058,367488N1202374W001,746640.0644,4070565.149,-120.237387,36.748795,104,172.5,68.5,15.17
1064,366960N1202007W001,750088.6015,4064801.386,-120.200687,36.695995,114,172.9,58.9,11.75
1373,367596N1202579W001,744775.1209,4071710.917,-120.257887,36.759595,101,163.1,62.1,16.14
1374,367699N1202668W001,743947.8304,4072831.115,-120.266787,36.769895,101,163.1,62.1,16.51
1375,367666N1202668W001,743958.2945,4072464.931,-120.266787,36.766595,101,163.1,62.1,16.5
1381,367691N1202616W001,744414.5892,4072755.622,-120.261587,36.769095,101,163.1,62.1,16.34
1382,367730N1202732W001,743366.6794,4073158.798,-120.273187,36.772995,100,163.1,63.1,16.7
1538,367674N1203810W001,733760.6465,4072268.467,-120.380987,36.767395,100,164.4,64.4,17.24
1543,367316N1203610W001,735655.6619,4068345.091,-120.360987,36.731595,100,163.9,63.9,17.84
1544,367796N1203729W001,734446.5731,4073642.036,-120.372887,36.779595,100,163.1,63.1,17.18
1545,367805N1203718W001,734542.0132,4073744.601,-120.371787,36.780495,100,163.1,63.1,17.18
1558,367488N1203524W001,736370.9778,4070274.851,-120.352387,36.748795,100,164.2,64.2,17.92
1564,367485N1203188W001,739372.241,4070325.101,-120.318787,36.748495,100,162.6,62.6,18.06
1565,367735N1203229W001,738928.4965,4073088.936,-120.322887,36.773495,100,163.1,63.1,17.62
1566,367824N1203377W001,737579.8515,4074039.63,-120.337687,36.782395,100,163.1,63.1,17.47
1572,367416N1202966W001,741376.2516,4069615.224,-120.296587,36.741595,100,166.5,66.5,17.57
1573,367768N1203024W001,740748.1473,4073506.539,-120.302387,36.776795,100,163.1,63.1,17.33
1574,367641N1202941W001,741528.9068,4072118.225,-120.294087,36.764095,100,163.1,63.1,17.32
1575,367810N1203071W001,740315.4837,4073960.764,-120.307087,36.780995,100,163.1,63.1,17.34
1580,367738N1202877W001,742069.7674,4073210.762,-120.287687,36.773795,100,163.1,63.1,17.07
3607,367534N1203909W001,732919.2105,4070690.851,-120.390887,36.753395,100,176.6,76.6,17.21
3608,367491N1203884W001,733155.4553,4070219.806,-120.388387,36.749095,100,177.3,77.3,17.3
3625,367343N1203694W001,734897.1838,4068624.039,-120.369387,36.734295,100,167.5,67.5,17.72
3626,367345N1203806W001,733896.2868,4068618.802,-120.380587,36.734495,100,175.1,75.1,17.51
3627,367312N1203606W001,735692.6116,4068301.691,-120.360587,36.731195,100,163.9,63.9,17.84
3628,367458N1203690W001,734897.8321,4069901.083,-120.368987,36.745795,100,167.7,67.7,17.7
3629,367558N1203732W001,734492.3192,4071000.4,-120.373187,36.755795,100,163.1,63.1,17.54
3630,367554N1203732W001,734493.5377,4070956.015,-120.373187,36.755395,100,163.1,63.1,17.54
4176,367200N1203690W001,734976.512,4067038.268,-120.368987,36.719995,100,169.2,69.2,17.64
4783,367771N1203724W001,734498.8248,4073365.857,-120.372387,36.777095,100,163.1,63.1,17.23
4789,367710N1203371W001,737668.6295,4072776.14,-120.337087,36.770995,100,163.1,63.1,17.69
4792,367768N1203232W001,738891.467,4073454.366,-120.323187,36.776795,100,163.1,63.1,17.56
4793,367730N1203049W001,740536.8713,4073078.584,-120.304887,36.772995,100,163.1,63.1,17.43
4794,367702N1202910W001,741786.4999,4072802.94,-120.290987,36.770195,100,163.1,63.1,17.18
4795,367657N1202902W001,741872.064,4072305.624,-120.290187,36.765695,100,163.1,63.1,17.2
4796,367571N1202521W001,745300.9403,4071448.363,-120.252087,36.757095,102,166.2,64.2,15.9
4797,367646N1202604W001,744536.0197,4072259.347,-120.260387,36.764595,101,163.1,62.1,16.27
4798,367688N1202599W001,744567.3079,4072726.679,-120.259887,36.768795,101,163.1,62.1,16.29
4799,367705N1202691W001,743740.6027,4072891.829,-120.269087,36.770495,101,163.1,62.1,16.58
5028,367455N1203174W001,739506.5875,4069995.715,-120.317387,36.745495,100,166.8,66.8,18.1
5029,367560N1203149W002,739697.1426,4071167.092,-120.314887,36.755995,100,163.1,63.1,17.87
5030,367538N1203185W001,739382.549,4070913.958,-120.318487,36.753795,100,163.1,63.1,17.96
5031,367560N1203221W001,739054.2723,4071149.074,-120.322087,36.755995,100,163.1,63.1,17.95
5038,367602N1203138W002,739782.2736,4071635.896,-120.313787,36.760195,100,163.1,63.1,17.78
5045,367630N1202857W002,742282.3115,4072017.411,-120.285687,36.762995,100,163.1,63.1,17.09
5056,367430N1202671W001,744006.3142,4069845.397,-120.267087,36.742995,100,168.2,68.2,16.32
5064,367260N1202418W001,746320.0626,4068023.808,-120.241787,36.725995,104,167.9,63.9,14.75
5065,367385N1202327W001,747092.8135,4069434.332,-120.232687,36.738495,105,172.7,67.7,14.71
5066,367452N1202463W001,745856.8119,4070142.766,-120.246287,36.745195,103,169.3,66.3,15.45
5067,367413N1202504W001,745503.1092,4069699.475,-120.250387,36.741295,102,168,66,15.55
5068,367485N1202516W001,745372.9964,4070495.345,-120.251587,36.748495,102,171.5,69.5,15.74
5075,367463N1202324W001,747094.5762,4070300.637,-120.232387,36.746295,105,172.9,67.9,14.91
5981,367492N1203886W001,733137.2937,4070230.414,-120.388587,36.749195,100,177.6,77.6,17.29
5992,367556N1203733W001,734483.9998,4070977.962,-120.373287,36.755595,100,163.1,63.1,17.54
5993,367552N1203732W001,734494.147,4070933.823,-120.373187,36.755195,100,163.1,63.1,17.54
5994,367458N1203688W001,734915.6918,4069901.574,-120.368787,36.745795,100,167.5,67.5,17.7
6003,367198N1203693W001,734950.3231,4067015.34,-120.369287,36.719795,100,169.4,69.4,17.63
6004,367198N1203524W001,736459.9784,4067056.946,-120.352387,36.719795,100,161.9,61.9,17.84
6426,367491N1203883W001,733164.3847,4070220.049,-120.388287,36.749095,100,177.3,77.3,17.3
6427,367493N1203932W001,732726.2392,4070230.312,-120.393187,36.749295,100,179.5,79.5,17.2
6446,367705N1203029W001,740723.2306,4072806.206,-120.302887,36.770495,100,163.1,63.1,17.43
7158,367813N1203736W001,734378.9107,4073828.956,-120.373587,36.781295,100,163.1,63.1,17.13
7159,367816N1203730W001,734431.5504,4073863.716,-120.372987,36.781595,100,163.1,63.1,17.14
7160,367807N1203722W001,734505.7002,4073765.812,-120.372187,36.780695,100,163.1,63.1,17.17
7161,367807N1203722W002,734505.7002,4073765.812,-120.372187,36.780695,100,163.1,63.1,17.17
7162,367807N1203722W003,734505.7002,4073765.812,-120.372187,36.780695,100,163.1,63.1,17.17
7167,367100N1202400W001,746532.0192,4066253.002,-120.239987,36.709995,104,164.2,60.2,14.19
7168,367200N1202100W001,749179.9788,4067440.319,-120.209987,36.719995,112,177.5,65.5,13.11
1071,367052N1201732W001,752515.8768,4065894.434,-120.173187,36.705195,120,183.3,63.3,11.68
