OBJECTID__,id,site_code,X,Y,lon,lat,Cclay_base_altitude,thickness_Cclay,gse
557,5321,360317N1196443W001,802375.0019,3992676.047,-119.644287,36.031695,-138.3618,86.84682,187.9293695
420,3862,360200N1196110W001,805421.8856,3991481.682,-119.610987,36.019995,-136.8039,72.91702,189.7703473
203,2331,360258N1196171W001,804849.5716,3992106.203,-119.617087,36.025795,-136.1508,75.07336,190.3125389
558,5323,360419N1196460W001,802182.7377,3993802.7,-119.645987,36.041895,-135.6802,88.68787,188.9569614
710,6188,359900N1195710W001,809145.3331,3988278.714,-119.570987,35.989995,-132.7918,48.568,193.2978736
421,3865,359600N1195710W001,809262.5196,3984949.429,-119.570987,35.959995,-131.7741,51.07592,193.217165
650,5721,360650N1196971W001,797490.1775,3996208.572,-119.697087,36.064995,-130.6193,96.78808,185.1475125
202,2328,360400N1196174W001,804767.7359,3993681.111,-119.617387,36.039995,-129.5781,75.74937,190.1916728
324,3211,360642N1196529W001,801475.6756,3996256.002,-119.652887,36.064195,-129.1732,93.45337,187.5098485
320,3207,360792N1196785W001,799112.1904,3997841.494,-119.678487,36.079195,-127.3035,102.3809,186.8207737
560,5328,360289N1195993W001,806442.1688,3992506.163,-119.599287,36.028895,-126.4791,53.59851,191.3651964
316,3203,360939N1197157W001,795705.9422,3999358.897,-119.715687,36.093895,-124.1713,96.5276,184.4080768
562,5339,360033N1195721W001,808994.1618,3989751.207,-119.572087,36.003295,-121.8398,39.79229,193.2477752
818,6960,360900N1196600W001,800737.5543,3999097.136,-119.659987,36.089995,-121.5372,98.06418,189.013031
321,3208,360908N1196593W001,800797.5522,3999188.083,-119.659287,36.090795,-120.9836,96.64788,189.2078801
649,5719,360994N1196691W001,799882.1304,4000112.153,-119.669087,36.099395,-120.0429,101.7778,189.3471845
317,3204,361083N1196807W001,798803.6679,4001064.058,-119.680687,36.108295,-119.9935,106.2028,189.7788447
313,3200,361228N1196974W001,797245.0947,4002621.902,-119.697387,36.122795,-116.8715,104.9063,191.8670009
820,6962,360400N1195900W001,807237.3292,3993767.341,-119.589987,36.039995,-116.0166,30.30664,192.6433461
314,3201,361231N1196799W001,798819.5487,4002708.936,-119.679887,36.123095,-115.9687,92.0896,194.5503015
204,2332,360214N1195818W001,808048.9322,3991729.121,-119.581787,36.021395,-114.6936,31.05554,193.0711676
80,1714,361586N1198402W001,784259.2285,4006166.705,-119.840187,36.158595,-113.7585,27.89046,194.3457083
707,6180,361153N1197707W001,790673.3855,4001567.615,-119.770687,36.115295,-112.2879,85.50455,182.9199534
819,6961,360700N1196100W001,805318.6314,3997033.602,-119.609987,36.069995,-112.0793,32.24979,192.6572896
82,1716,361531N1198188W001,786205.006,4005619.311,-119.818787,36.153095,-111.9857,37.51574,193.1742188
706,6179,360800N1197810W001,789875.7737,3997619.568,-119.780987,36.079995,-111.1104,76.50417,182.9219547
83,1717,361606N1198152W001,786501.6672,4006462.215,-119.815187,36.160595,-107.6652,27.86528,196.3212661
309,3196,360792N1197893W001,789131.0404,3997506.06,-119.789287,36.079195,-106.7738,74.13143,182.8877027
618,5556,361544N1198577W001,782699.5266,4005649.485,-119.857687,36.154395,-106.3844,31.02434,197.1556822
84,1718,361617N1198124W001,786749.6197,4006592.558,-119.812387,36.161695,-106.233,27.19144,196.4517123
312,3199,361292N1197071W001,796347.6782,4003302.465,-119.707087,36.129195,-105.1532,94.44279,191.1944615
180,2284,361739N1198260W001,785481.5085,4007906.259,-119.825987,36.173895,-103.9826,21.49473,199.6880969
621,5562,361497N1198624W001,782293.4256,4005114.244,-119.862387,36.149695,-102.864,35.2082,196.5434118
698,6167,361700N1198510W001,783246.2822,4007400.149,-119.850987,36.169995,-101.8669,24.89977,202.8641797
760,6542,360333N1195729W001,808804.7788,3993077.965,-119.572887,36.033295,-100.6011,23.17409,194.0728409
22,1372,366611N1202888W001,742325.6337,4060702.373,-120.288787,36.661095,-100.448,12.85433,162.2635879
494,4220,366542N1202751W001,743572.1493,4059971.444,-120.275087,36.654195,-100.2839,12.69646,163.2513176
39,1595,366469N1202577W002,745150.989,4059205.754,-120.257687,36.646895,-100.1395,12.5004,164.8817966
38,1594,366417N1202591W001,745042.2947,4058625.166,-120.259087,36.641695,-99.99702,12.52034,165.2198216
175,2279,361669N1198613W001,782330.6705,4007026.104,-119.861287,36.166895,-99.13332,26.70138,208.0766143
538,5149,361525N1197882W001,788961.0868,4005643.461,-119.788187,36.152495,-97.89556,44.82337,191.8797962
311,3198,361283N1197346W001,793875.3332,4003118.957,-119.734587,36.128295,-97.3953,88.94025,187.8786149
418,3858,360800N1198110W001,787173.3748,3997530.478,-119.810987,36.079995,-95.8015,67.88968,182.7559114
181,2285,361897N1198118W001,786701.4498,4009701.502,-119.811787,36.189695,-94.82666,21.47235,203.1728083
238,2663,366456N1202977W001,741578.451,4058959.994,-120.297687,36.645595,-94.51691,13.00095,164.5636536
206,2337,360075N1195449W001,811430.3636,3990304.02,-119.544887,36.007495,-94.4952,32.82656,195.8137858
814,6942,361600N1197800W001,789671.4381,4006500.206,-119.779987,36.159995,-94.42194,41.40433,198.0823882
174,2278,361803N1198513W001,783182.1763,4008542.254,-119.851287,36.180295,-93.7744,24.80303,204.4674934
176,2280,361600N1198702W001,781554.5677,4006234.545,-119.870187,36.159995,-93.44707,28.84992,208.0413452
285,2929,361375N1198702W001,781635.1014,4003737.763,-119.870187,36.137495,-93.11271,52.03301,195.2209708
286,2930,361378N1198710W001,781562.0185,4003768.732,-119.870987,36.137795,-92.9763,51.52079,195.8336349
413,3850,361673N1198694W001,781600.412,4007046.937,-119.869387,36.167295,-92.03715,27.83829,206.7737927
811,6939,361600N1197700W001,790571.3263,4006530.125,-119.769987,36.159995,-91.79079,44.98817,200.8167387
704,6176,361900N1197910W001,788571.3912,4009796.534,-119.790987,36.189995,-91.23763,20.86653,205.3672966
700,6169,362000N1198210W001,785836.3873,4010817.316,-119.820987,36.199995,-90.72655,21.59926,202.9400655
33,1563,366875N1203493W001,736836.0711,4063480.538,-120.349287,36.687495,-90.67674,15.44222,165.2295657
509,5027,366808N1203432W001,737401.8162,4062752.19,-120.343187,36.680795,-90.38373,14.13103,166.532256
617,5555,361533N1198766W001,781002.5926,4005472.498,-119.876587,36.153295,-90.26052,33.25371,203.2215944
173,2277,361744N1198691W001,781601.9701,4007835.684,-119.869087,36.174395,-90.05486,27.47221,207.8638846
36,1570,366797N1203427W001,737449.8874,4062631.371,-120.342687,36.679695,-89.68771,13.96938,166.844592
515,5062,366857N1202799W001,743043.8221,4063454.603,-120.279887,36.685695,-89.62209,13.25584,162.5951496
516,5063,366857N1202799W003,743043.8221,4063454.603,-120.279887,36.685695,-89.62209,13.25584,162.5951496
783,6743,366857N1202799W002,743043.8221,4063454.603,-120.279887,36.685695,-89.62209,13.25584,162.5951496
365,3664,366907N1203525W001,736540.2886,4063827.71,-120.352487,36.690695,-89.08085,16.02778,165.2258583
561,5333,360211N1195457W001,811304.6588,3991810.754,-119.545687,36.021095,-88.94554,25.25206,196.9024669
370,3678,366806N1203459W001,737161.1201,4062723.312,-120.345887,36.680595,-88.69524,14.08921,167.5155565
678,6031,366803N1203457W001,737179.9169,4062690.519,-120.345687,36.680295,-88.54442,14.04398,167.7536471
371,3679,366806N1203463W001,737125.3703,4062722.322,-120.346287,36.680595,-88.45836,14.08427,167.8444936
369,3677,366801N1203456W001,737189.469,4062668.574,-120.345587,36.680095,-88.42522,14.01371,167.8444936
679,6032,366802N1203460W001,737153.4117,4062678.68,-120.345987,36.680195,-88.27464,14.02321,167.8444936
748,6444,366805N1203465W001,737107.8026,4062710.731,-120.346487,36.680495,-88.24847,14.06506,167.8444936
373,3681,366804N1203464W001,737117.0473,4062699.882,-120.346387,36.680395,-88.21674,14.04982,167.8444936
677,6030,366800N1203460W001,737154.0262,4062656.488,-120.345987,36.679995,-88.09403,13.99087,167.8444936
372,3680,366801N1203462W001,737135.8439,4062667.089,-120.346187,36.680095,-88.06383,14.00356,167.8444936
747,6443,366800N1203461W001,737145.0887,4062656.24,-120.346087,36.679995,-88.03358,13.98903,167.8444936
375,3683,366803N1203467W001,737090.542,4062688.044,-120.346687,36.680295,-87.94594,14.02855,167.8444936
749,6445,366800N1203465W001,737109.3386,4062655.25,-120.346487,36.679995,-87.79166,13.98163,167.8780566
322,3209,360842N1195893W001,807128.3301,3998674.716,-119.589287,36.084195,-87.77681,19.84968,196.9364892
374,3682,366799N1203464W001,737118.5833,4062644.402,-120.346387,36.679895,-87.76105,13.96692,167.893739
492,4182,366800N1203470W001,737064.651,4062654.013,-120.346987,36.679995,-87.48908,13.97227,168.1725776
177,2281,362061N1198388W001,784213.3479,4011441.863,-119.838787,36.206095,-87.19573,22.52792,202.7548949
613,5549,361742N1198724W001,781305.7858,4007803.909,-119.872387,36.174195,-87.14639,28.01641,206.4408531
676,6029,366774N1203440W001,737340.7709,4062372.939,-120.343987,36.677395,-86.93497,13.7217,167.8444936
376,3684,366772N1203445W001,737296.6966,4062349.508,-120.344487,36.677195,-86.47881,13.69863,168.1725776
377,3685,366771N1203448W001,737270.1904,4062337.669,-120.344787,36.677095,-86.20706,13.68649,168.1725776
539,5157,361492N1197049W001,796470.3746,4005528.655,-119.704887,36.149195,-85.80166,79.35794,202.8248096
284,2928,361361N1198813W001,780640.9606,4003550.248,-119.881287,36.136095,-85.62224,50.72321,196.4266795
616,5554,361606N1198782W001,780832.5357,4006277.929,-119.878187,36.160595,-85.43182,29.86393,208.5128676
422,3874,358900N1195310W001,813147.7894,3977308.765,-119.530987,35.889995,-85.13956,28.99533,201.9816666
559,5324,360506N1195413W001,811584.933,3995098.694,-119.541287,36.050595,-85.02545,19.09488,203.55437
683,6046,366467N1203186W001,739706.2467,4059029.609,-120.318587,36.646695,-84.39859,13.23783,165.8759896
228,2516,359778N1195191W001,813874.5879,3987090.851,-119.519087,35.977795,-84.3717,35.8607,196.3113252
227,2515,359783N1195191W001,813872.605,3987146.34,-119.519087,35.978295,-84.27026,35.86417,196.2827491
667,6004,367198N1203524W001,736459.9784,4067056.946,-120.352387,36.719795,-84.25804,16.56195,161.94679
201,2325,360506N1195371W001,811963.4407,3995112.166,-119.537087,36.050595,-84.04105,<Null>,205.2625722
615,5553,361494N1198871W001,780071.5435,4005009.356,-119.887087,36.149395,-83.72974,35.81512,208.1898033
414,3852,362100N1198010W001,787598.59,4011986.221,-119.800987,36.209995,-83.67763,21.53892,209.0022049
323,3210,360794N1195727W001,808642.4663,3998194.643,-119.572687,36.079395,-83.17313,19.42151,198.9381953
318,3205,361158N1196343W001,802953.202,4002040.189,-119.634287,36.115795,-82.86781,30.84581,202.8572243
98,1777,361414N1196460W001,801801.529,4004844.702,-119.645987,36.141395,-82.27322,31.83389,208.5007285
746,6442,366700N1203400W001,737721.0687,4061561.736,-120.339987,36.669995,-82.25372,13.46211,167.8444936
368,3676,366699N1203399W001,737730.3153,4061550.888,-120.339887,36.669895,-82.23004,13.46065,167.8444936
366,3674,366698N1203399W001,737730.6232,4061539.792,-120.339887,36.669795,-82.13538,13.46033,167.8444936
367,3675,366698N1203399W002,737730.6232,4061539.792,-120.339887,36.669795,-82.13538,13.46033,167.8444936
675,6028,366698N1203399W003,737730.6232,4061539.792,-120.339887,36.669795,-82.13538,13.46033,167.8444936
23,1395,366857N1202252W001,747932.3929,4063594.758,-120.225187,36.685695,-81.89514,12.14225,163.5493163
810,6928,361400N1198900W001,779843.9779,4003957.893,-119.889987,36.139995,-81.88685,46.03258,206.9252691
406,3835,361900N1198710W001,781375.1604,4009561.275,-119.870987,36.189995,-81.78238,27.52436,207.4736287
612,5543,361897N1198727W001,781223.3163,4009523.05,-119.872687,36.189695,-80.97683,27.7587,207.7900001
846,7248,367052N1203603W001,735798.9312,4065417.422,-120.360287,36.705195,-80.56966,17.11911,165.8759896
563,5342,359853N1195188W001,813871.9004,3987924.154,-119.518787,35.985295,-80.40833,35.01099,196.8759906
803,6914,361744N1198791W001,780702.2735,4007806.682,-119.879087,36.174395,-80.38253,28.88626,208.1813387
804,6915,361700N1198800W001,780637.0092,4007315.817,-119.879987,36.169995,-80.25322,29.10717,208.1315683
817,6959,361158N1196258W001,803718.572,4002066.753,-119.625787,36.115795,-80.02848,28.75228,205.1088976
782,6728,366607N1203339W001,738295.0242,4060544.938,-120.333887,36.660695,-79.86314,13.38223,166.1371772
31,1557,366906N1203604W001,735834.6299,4063797.138,-120.360387,36.690595,-79.83479,16.15437,170.1415737
32,1558,367488N1203524W001,736370.9778,4070274.851,-120.352387,36.748795,-79.81954,16.0283,164.1677218
178,2282,362256N1198257W001,785320.5829,4013644.301,-119.825687,36.225595,-79.81065,21.85145,210.044823
9,1035,367066N1202604W001,744720.2251,4065823.396,-120.260387,36.706595,-79.7439,16.94878,162.5951496
681,6040,366609N1203343W001,738258.6481,4060566.136,-120.334287,36.660895,-79.6526,13.38408,166.2040736
510,5028,367455N1203174W001,739506.5875,4069995.715,-120.317387,36.745495,-79.65137,16.99646,166.7926891
517,5064,367260N1202418W001,746320.0626,4068023.808,-120.241787,36.725995,-79.56645,18.56399,167.8550579
16,1052,366924N1202216W001,748232.5719,4064347.546,-120.221587,36.692395,-79.56396,12.7703,167.2749069
15,1047,367382N1202460W001,745905.9544,4069366.781,-120.245987,36.738195,-79.49973,19.28758,170.9450186
14,1046,367418N1202513W001,745421.1403,4069752.648,-120.251287,36.741795,-79.35793,19.49384,168.6505303
10,1036,367341N1202596W001,744704.369,4068876.963,-120.259587,36.734095,-79.31883,19.92603,167.2305828
520,5067,367413N1202504W001,745503.1092,4069699.475,-120.250387,36.741295,-79.31026,19.461,167.9877022
34,1564,367485N1203188W001,739372.241,4070325.101,-120.318787,36.748495,-79.27718,16.92334,162.6167375
7,1030,367341N1202654W001,744186.3469,4068862.149,-120.265387,36.734095,-79.14717,20.07399,165.9060092
834,7167,367100N1202400W001,746532.0192,4066253.002,-120.239987,36.709995,-79.12963,16.69605,164.170248
273,2851,362186N1198696W001,781398.5695,4012739.049,-119.869587,36.218595,-79.08622,26.68807,207.885046
1,1019,367524N1203204W001,739217.2484,4070753.856,-120.320387,36.752395,-79.04588,16.77035,163.1364882
8,1031,367341N1202696W001,743811.2278,4068851.441,-120.269587,36.734095,-78.99804,19.88268,166.8963308
5,1024,367538N1203185W002,739382.549,4070913.958,-120.318487,36.753795,-78.86528,<Null>,163.1364882
512,5030,367538N1203185W001,739382.549,4070913.958,-120.318487,36.753795,-78.86528,<Null>,163.1364882
354,3627,367312N1203606W001,735692.6116,4068301.691,-120.360587,36.731195,-78.85603,16.05302,163.8955433
493,4186,366459N1203262W001,739029.1723,4058921.871,-120.326187,36.645895,-78.82442,13.32645,166.8602416
26,1543,367316N1203610W001,735655.6619,4068345.091,-120.360987,36.731595,-78.78625,16.04251,163.9074856
521,5087,366685N1202060W001,749703.9603,4061736.013,-120.205987,36.668495,-78.51344,11.81378,168.7794017
18,1054,367193N1202238W001,747949.4558,4067326.812,-120.223787,36.719295,-78.47707,16.58315,172.5253336
514,5056,367430N1202671W001,744006.3142,4069845.397,-120.267087,36.742995,-78.47617,19.66658,168.2348151
37,1572,367416N1202966W001,741376.2516,4069615.224,-120.296587,36.741595,-78.43976,18.35421,166.5322232
319,3206,361094N1196091W001,805247.1082,4001408.891,-119.609087,36.109395,-78.43094,23.8276,201.6010891
396,3822,362260N1198700W001,781336.0669,4013559.058,-119.869987,36.225995,-78.38783,26.61514,210.9273361
12,1038,367485N1202688W001,743837.0797,4070451.368,-120.268787,36.748495,-78.09983,19.39839,171.1414425
13,1039,367488N1202699W001,743737.9029,4070481.855,-120.269887,36.748795,-78.03082,19.36766,170.6136538
164,2268,361967N1198727W001,781198.2547,4010299.83,-119.872687,36.196695,-77.82569,27.68254,207.605945
163,2267,362056N1198704W001,781373.2327,4011294.129,-119.870387,36.205595,-77.39431,27.19718,208.7986287
172,2276,361817N1198810W001,780505.2749,4008611.25,-119.880987,36.181695,-76.95766,29.07658,211.5572574
272,2850,362111N1198716W001,781245.6066,4011900.973,-119.871587,36.211095,-76.73231,27.22994,209.3979726
419,3859,361500N1196410W001,802218.5571,4005814.662,-119.640987,36.149995,-76.35404,31.79298,209.7240881
169,2273,361894N1198779W001,780756.6377,4009474.682,-119.877887,36.189395,-76.20197,28.39847,209.8980382
662,5994,367458N1203688W001,734915.6918,4069901.574,-120.368787,36.745795,-75.91402,15.88357,167.5376038
355,3628,367458N1203690W001,734897.8321,4069901.083,-120.368987,36.745795,-75.81436,15.88271,167.6567639
409,3842,361672N1198858W001,780125.1338,4006988.335,-119.885787,36.167195,-75.6462,29.71069,211.2100461
708,6181,361100N1196010W001,805974.1953,4001500.979,-119.600987,36.109995,-75.55428,22.72751,202.3693962
647,5716,361233N1196160W001,804571.9895,4002929.786,-119.615987,36.123295,-75.01736,24.11158,206.7447573
709,6185,360200N1195210W001,813535.8477,3991768.01,-119.520987,36.019995,-74.84019,25.63433,201.9090616
352,3625,367343N1203694W001,734897.1838,4068624.039,-120.369387,36.734295,-74.2947,15.94639,167.5164096
672,6015,366908N1203650W001,735422.9518,4063808.017,-120.364987,36.690795,-74.29224,16.2692,172.8287785
205,2333,360244N1195185W001,813743.7676,3992264.377,-119.518487,36.024395,-74.24051,23.06812,203.6816994
140,2012,361528N1196366W001,802603.8018,4006139.115,-119.636587,36.152795,-74.03715,28.87946,210.3955448
805,6916,362400N1198300W001,784881.6501,4015229.613,-119.829987,36.239995,-73.98145,21.98185,211.2286157
806,6917,362400N1198300W002,784881.6501,4015229.613,-119.829987,36.239995,-73.98145,21.98185,211.2286157
382,3710,366487N1203336W001,738358.864,4059214.145,-120.333587,36.648695,-73.75623,13.42239,167.3709043
711,6196,358769N1195182W001,814355.5395,3975896.121,-119.518187,35.876895,-73.68158,23.17081,212.6325855
412,3849,361385N1199057W001,778436.1511,4003746.275,-119.905687,36.138495,-73.17906,42.90228,219.5430188
142,2016,361383N1196218W001,803991.8459,4004576.241,-119.621787,36.138295,-73.10941,22.69379,209.641903
661,5993,367552N1203732W001,734494.147,4070933.823,-120.373187,36.755195,-73.07796,<Null>,163.1364882
357,3630,367554N1203732W001,734493.5377,4070956.015,-120.373187,36.755395,-73.07346,<Null>,163.1364882
356,3629,367558N1203732W001,734492.3192,4071000.4,-120.373187,36.755795,-73.06464,<Null>,163.1364882
660,5992,367556N1203733W001,734483.9998,4070977.962,-120.373287,36.755595,-73.03432,<Null>,163.1364882
95,1733,361678N1196904W001,797704.9951,4007637.196,-119.690387,36.167795,-72.93778,53.53753,208.9145408
216,2398,366769N1203602W001,735894.3736,4062277.46,-120.360187,36.676895,-72.81923,14.06189,173.3132273
540,5158,361678N1196732W001,799252.6926,4007690.152,-119.673187,36.167795,-72.65234,43.19141,210.4382285
532,5138,361892N1197207W001,794898.2238,4009919.407,-119.720687,36.189195,-72.17775,42.77526,212.1628021
705,6177,361900N1197210W001,794868.2335,4010007.272,-119.720987,36.189995,-72.00941,41.89114,212.4797312
182,2286,362256N1197718W001,790166.8851,4013804.488,-119.771787,36.225595,-71.85367,21.425,217.4614243
815,6943,361700N1196900W001,797732.6547,4007882.568,-119.689987,36.169995,-71.79295,50.03874,209.2553545
88,1722,361958N1197257W001,794423.6971,4010636.626,-119.725687,36.195795,-71.72838,36.0905,212.8314701
490,4176,367200N1203690W001,734976.512,4067038.268,-120.368987,36.719995,-71.28741,16.51212,169.1568296
315,3202,361375N1196074W001,805291.2112,4004532.682,-119.607387,36.137495,-71.06938,20.4577,210.333865
666,6003,367198N1203693W001,734950.3231,4067015.34,-120.369287,36.719795,-70.92295,16.51697,169.3505632
648,5717,361236N1195902W001,806893.7411,4003044.365,-119.590187,36.123595,-70.85575,20.13937,207.6474804
121,1950,362264N1197682W001,790487.6116,4013904.061,-119.768187,36.226395,-70.79964,21.39563,217.8576185
136,2007,361675N1196360W001,802601.2215,4007772.336,-119.635987,36.167495,-69.92816,25.68159,212.2042391
171,2275,361514N1199066W001,778309.5122,4005175.166,-119.906587,36.151395,-69.88748,35.37149,221.9702827
70,1701,362494N1198560W001,782510.5008,4016196.518,-119.855987,36.249395,-69.76067,24.00335,207.5954135
30,1556,366933N1203693W001,735031.0784,4064074.862,-120.369287,36.693295,-69.63367,16.71287,174.5625712
359,3643,367055N1203694W001,734984.9722,4065428.345,-120.369387,36.705495,-69.61193,17.10933,171.8301236
665,6002,367052N1203694W002,734985.8864,4065395.056,-120.369387,36.705195,-69.60463,17.1223,172.0666394
744,6434,367052N1203694W001,734985.8864,4065395.056,-120.369387,36.705195,-69.60463,17.1223,172.0666394
141,2013,361539N1196104W001,804957.5694,4006343.264,-119.610387,36.153895,-69.455,23.89594,213.2095213
362,3646,367050N1203696W001,734968.6267,4065372.373,-120.369587,36.704995,-69.38865,17.13407,172.1095856
381,3700,366614N1203481W001,737023.4288,4060587.41,-120.348087,36.661395,-69.2803,13.57054,171.1014819
29,1555,366883N1203693W002,735046.3096,4063520.056,-120.369287,36.688295,-69.15848,16.02304,175.7185096
507,5015,366883N1203693W001,735046.3096,4063520.056,-120.369287,36.688295,-69.15848,16.02304,175.7185096
699,6168,362500N1198310W001,784755.4286,4016336.376,-119.830987,36.249995,-69.14216,22.07679,211.6401643
757,6525,362500N1198310W002,784755.4286,4016336.376,-119.830987,36.249995,-69.14216,22.07679,211.6401643
715,6200,358700N1195110W001,815033.2036,3975153.591,-119.510987,35.869995,-68.99386,19.83029,213.6251709
716,6201,358911N1194866W001,817152.9547,3977574.245,-119.486587,35.891095,-68.80012,14.31171,212.7465947
533,5139,361889N1197082W001,796023.8162,4009924.229,-119.708187,36.188895,-68.78234,44.57436,212.0270409
113,1936,362397N1197991W001,787660.5332,4015287.714,-119.799087,36.239695,-68.62295,21.7644,216.2389833
529,5133,362108N1197263W001,794313.4889,4012299.405,-119.726287,36.210795,-68.20728,25.0015,216.6851119
541,5159,361750N1196454W001,801726.5783,4008575.354,-119.645387,36.174995,-67.5703,32.28235,212.8313716
380,3699,366627N1203517W001,736697.6167,4060722.765,-120.351687,36.662695,-67.55766,13.60876,172.3457404
122,1951,362267N1197518W001,791961.0675,4013986.685,-119.751787,36.226695,-67.55264,21.12188,219.2514506
816,6950,361753N1196460W001,801671.4416,4008606.779,-119.645987,36.175295,-67.49272,32.76913,212.8313716
619,5557,362397N1197927W001,788235.8722,4015306.754,-119.792687,36.239695,-67.40971,21.71049,215.7691342
671,6014,366908N1203717W001,734824.225,4063791.574,-120.371687,36.690795,-66.98673,16.31835,177.5036802
379,3698,366617N1203517W002,736700.6813,4060611.804,-120.351687,36.661695,-66.9621,13.6138,172.4376696
680,6039,366617N1203517W001,736700.6813,4060611.804,-120.351687,36.661695,-66.9621,13.6138,172.4376696
663,6000,367037N1203719W001,734767.089,4065222.483,-120.371887,36.703695,-66.87148,17.19373,173.7073546
363,3647,367030N1203719W001,734769.2199,4065144.81,-120.371887,36.702995,-66.81942,17.21053,173.7500056
741,6426,367491N1203883W001,733164.3847,4070220.049,-120.388287,36.749095,-66.80896,15.90152,177.2847498
348,3608,367491N1203884W001,733155.4553,4070219.806,-120.388387,36.749095,-66.77334,15.90548,177.2834702
97,1754,361750N1196368W001,802500.3658,4008602.16,-119.636787,36.174995,-66.74963,28.07515,212.8313716
659,5981,367492N1203886W001,733137.2937,4070230.414,-120.388587,36.749195,-66.72939,15.90655,177.5973154
801,6911,362553N1198513W001,782911.6574,4016864.973,-119.851287,36.255295,-66.72514,23.22215,207.8935762
295,2960,358789N1194832W001,817508.7654,3976231.367,-119.483187,35.878895,-66.45845,11.68915,212.752369
137,2008,361744N1196282W001,803276.4709,4008562.449,-119.628187,36.174395,-66.2239,24.56688,212.9809779
682,6041,366614N1203532W001,736567.5057,4060574.813,-120.353187,36.661395,-65.84686,13.6465,173.4204124
81,1715,362186N1197260W001,794311.2135,4013165.912,-119.725987,36.218595,-65.67123,23.25279,221.1883273
231,2522,358181N1195785W001,809137.7701,3969178.313,-119.578487,35.818095,-65.63113,41.97503,209.823924
86,1720,362108N1197177W001,795086.9033,4012325.574,-119.717687,36.210795,-65.6144,27.27628,217.8182484
762,6548,358642N1195043W001,815661.4409,3974531.564,-119.504287,35.864195,-65.59732,17.19535,212.8195606
742,6427,367493N1203932W001,732726.2392,4070230.312,-120.393187,36.749295,-65.4278,15.99083,179.5446908
701,6170,362400N1197810W001,789286.5596,4015374.953,-119.780987,36.239995,-65.21393,21.60957,218.0302891
405,3834,361894N1198879W001,779857.1156,4009445.757,-119.887887,36.189395,-64.8049,29.90088,217.8926579
85,1719,362017N1197066W001,796119.4772,4011349.587,-119.706587,36.201695,-64.5056,35.12057,215.7608993
397,3823,362503N1198713W001,781132.051,4016251.833,-119.871287,36.250295,-64.46564,26.267,215.0699872
353,3626,367345N1203806W001,733896.2868,4068618.802,-120.380587,36.734495,-64.37706,16.12094,175.0853402
673,6021,366763N1203698W001,735038.1676,4062187.297,-120.369787,36.676295,-64.25632,14.30749,178.9993496
351,3624,367200N1203763W001,734324.4158,4067020.377,-120.376287,36.719995,-63.98221,16.5305,173.6388179
378,3696,366540N1203517W001,736724.2762,4059757.403,-120.351687,36.653995,-63.91463,13.59425,174.0780896
343,3595,367517N1204048W001,731683.2104,4070468.465,-120.404787,36.751695,-63.74914,15.9657,183.45975
622,5563,362269N1197304W001,793884.4591,4014073.629,-119.730387,36.226895,-63.48061,21.53957,219.3837341
344,3596,367491N1204038W001,731780.3283,4070182.388,-120.403787,36.749095,-63.32688,15.97896,184.7334377
424,3877,359300N1194810W001,817502.9502,3981909.534,-119.480987,35.929995,-63.28735,22.0671,202.6149999
183,2287,362278N1197310W001,793827.1398,4014171.684,-119.730987,36.227795,-63.187,21.48593,218.535112
66,1697,362550N1198691W001,781312.9222,4016779.783,-119.869087,36.254995,-62.59738,25.89037,214.393478
400,3827,361970N1198870W001,779910.9876,4010291.715,-119.886987,36.196995,-62.11542,29.59164,216.8312405
416,3855,360900N1198810W001,780832.2571,3998435.524,-119.880987,36.089995,-62.06832,50.70784,183.8931489
25,1542,367172N1203785W001,734136.3991,4066704.303,-120.378487,36.717195,-61.97271,16.57933,175.4173284
361,3645,367054N1203786W001,734163.3015,4065394.715,-120.378587,36.705395,-61.80433,17.01954,177.1465608
144,2145,364880N1200488W001,764371.947,4042127.328,-120.048787,36.487995,-61.51383,16.14657,194.9195929
109,1927,362667N1198352W001,784317.313,4018177.235,-119.835187,36.266695,-61.30729,22.29367,212.7528283
410,3843,361652N1199057W001,778341.6645,4006709.094,-119.905687,36.165195,-61.28025,33.00008,223.95962
696,6164,361900N1198910W001,779576.129,4009503.391,-119.890987,36.189995,-61.19419,30.32241,220.3894756
270,2837,362258N1198871W001,779799.3142,4013487.314,-119.887087,36.225795,-60.9401,28.99976,213.7702496
634,5610,358653N1194696W001,818791.6696,3974766.386,-119.469587,35.865295,-60.87577,10.73481,208.1334384
19,1322,367422N1204043W001,731756.447,4069415.545,-120.404287,36.742195,-60.68228,15.99136,186.8941661
693,6160,362263N1198873W001,779779.549,4013542.221,-119.887287,36.226295,-60.64548,29.03203,216.9245476
65,1696,362639N1198688W001,781307.9309,4017768.285,-119.868787,36.263895,-60.40797,25.51879,213.7394753
135,2004,361964N1196366W001,802435.9558,4010977.679,-119.636587,36.196395,-60.32393,27.83931,216.8276644
267,2834,362189N1198871W001,779823.9209,4012721.632,-119.887087,36.218895,-60.28667,29.14967,215.5563389
268,2835,362186N1198871W001,779824.9906,4012688.341,-119.887087,36.218595,-60.25112,29.15364,215.5503022
161,2265,362014N1198871W001,779886.3108,4010779.686,-119.887087,36.201395,-60.04683,29.53513,217.4966277
162,2266,362014N1198871W002,779886.3108,4010779.686,-119.887087,36.201395,-60.04683,29.53513,217.4966277
690,6155,362896N1198725W001,780883.2214,4020609.452,-119.872487,36.289595,-60.03277,25.35147,217.7937078
791,6880,362991N1198870W001,779546.645,4021621.633,-119.886987,36.299095,-59.80104,25.85895,213.0328152
160,2264,362031N1198871W001,779880.2512,4010968.332,-119.887087,36.203095,-59.31905,29.49222,217.2749413
505,4861,362019N1196332W001,802720.5816,4011598.67,-119.633187,36.201895,-59.22888,<Null>,219.4164768
62,1693,362844N1198874W001,779563.2194,4019989.226,-119.887387,36.284395,-59.22034,27.20708,219.1492852
499,4851,362844N1198877W001,779536.2666,4019988.359,-119.887687,36.284395,-59.15378,27.21052,219.2535503
417,3857,362000N1196410W001,802026.324,4011363.466,-119.640987,36.199995,-59.11443,27.59762,218.0443967
219,2444,364591N1200135W001,767634.4484,4039017.905,-120.013487,36.459095,-59.07636,16.13726,197.9794027
63,1694,363072N1198874W001,779481.7755,4022519.33,-119.887387,36.307195,-59.04483,25.12335,213.071201
269,2836,362111N1198866W001,779896.6958,4011857.523,-119.886587,36.211095,-58.91869,29.22633,217.6275332
271,2849,362042N1198871W001,779876.3301,4011090.397,-119.887087,36.204195,-58.86901,29.46975,217.1032222
107,1925,362267N1198888W001,779643.2587,4013582.275,-119.888787,36.226695,-58.77187,29.24733,218.158045
350,3623,367200N1203888W001,733207.8154,4066989.856,-120.388787,36.719995,-58.74018,16.33246,181.1719218
283,2917,361231N1199138W001,777761.3982,4002014.179,-119.913787,36.123095,-58.61107,46.69945,215.5586027
108,1926,362942N1198432W001,783498.8015,4021205.443,-119.843187,36.294195,-58.60958,22.55875,214.6969885
346,3606,367350N1204050W001,731715.5947,4068614.931,-120.404987,36.734995,-58.58925,15.99983,190.0670993
92,1726,361967N1196649W001,799889.2129,4010922.993,-119.664887,36.196695,-58.56924,35.52078,213.0900331
96,1734,362006N1196463W001,801547.303,4011413.54,-119.646287,36.200595,-58.53165,29.16446,217.5548954
345,3605,367346N1204050W003,731716.7979,4068570.547,-120.404987,36.734595,-58.46252,16.00077,190.3748749
487,4166,367346N1204050W001,731716.7979,4068570.547,-120.404987,36.734595,-58.46252,16.00077,190.3748749
658,5980,367346N1204050W002,731716.7979,4068570.547,-120.404987,36.734595,-58.46252,16.00077,190.3748749
799,6908,362103N1198869W001,779872.5699,4011767.881,-119.886887,36.210295,-58.37157,29.29445,217.8018114
91,1725,361964N1196727W001,799188.7492,4010865.583,-119.672687,36.196395,-58.35006,36.4251,214.817625
793,6886,362778N1198875W001,779577.802,4019256.54,-119.887487,36.277795,-58.28233,27.51199,221.101221
114,1937,362478N1197627W001,790902.7287,4016295.394,-119.762687,36.247795,-58.24553,21.50076,222.8288129
115,1938,362483N1197632W001,790855.9291,4016349.377,-119.763187,36.248295,-58.05474,21.50973,222.7384586
146,2184,364727N1200229W001,766745.2,4040500.981,-120.022887,36.472695,-57.95963,15.52417,196.9118501
761,6547,358044N1195732W001,809670.0814,3967674.742,-119.573187,35.804395,-57.89566,39.77821,213.2409189
692,6159,362100N1198874W001,779828.6753,4011733.146,-119.887387,36.209995,-57.85817,29.3951,216.2877366
536,5142,362108N1196407W001,802011.7516,4012562.947,-119.640687,36.210795,-57.67725,30.91921,222.3298956
27,1550,367061N1203871W001,733401.7505,4065451.64,-120.387087,36.706095,-57.65827,16.55375,183.923956
90,1724,361983N1196704W001,799388.3893,4011083.542,-119.670387,36.198295,-57.5947,36.20344,215.4500725
664,6001,367055N1203869W001,733421.4355,4065385.55,-120.386887,36.705495,-57.57931,16.57817,183.8828143
360,3644,367055N1203870W001,733412.501,4065385.307,-120.386987,36.705495,-57.54712,16.57131,183.9161476
743,6431,367130N1203900W001,733121.7902,4066210.207,-120.389987,36.712995,-57.44456,16.38516,183.5925256
624,5565,362306N1197110W001,795614.8342,4014543.3,-119.710987,36.230595,-57.42281,25.50204,224.0142132
168,2272,361889N1198954W001,779184.2527,4009368.641,-119.895387,36.188895,-57.27999,30.97373,221.9547971
750,6503,364518N1200132W001,767686.4548,4038208.674,-120.013187,36.451795,-57.24853,16.77835,200.0106035
489,4172,367130N1203910W001,733032.4542,4066207.773,-120.390987,36.712995,-57.22182,16.36554,184.5767776
89,1723,361994N1196741W001,799051.3933,4011194.186,-119.674087,36.199395,-56.98771,35.86879,217.4153285
812,6940,362000N1196700W001,799417.8853,4011273.437,-119.669987,36.199995,-56.90804,35.92442,216.7007287
21,1341,367206N1204018W001,732044.7479,4067024.846,-120.401787,36.720595,-56.84326,16.12373,191.2057804
218,2443,364513N1200141W001,767607.4922,4038150.689,-120.014087,36.451295,-56.79729,16.84997,200.167034
93,1727,362108N1196474W001,801409.1934,4012542.074,-119.647387,36.210795,-56.7046,33.95905,219.1697249
358,3642,366947N1203877W001,733382.6356,4064185.224,-120.387687,36.694695,-56.70342,16.29306,187.5295336
537,5143,362108N1196479W001,801364.2264,4012540.518,-119.647887,36.210795,-56.64584,33.97712,219.0703482
640,5696,364443N1199771W002,770948.8317,4037477.343,-119.977087,36.444295,-56.6411,14.67112,202.7266797
349,3622,367201N1204054W001,731724.6743,4066960.647,-120.405387,36.720095,-56.514,16.06975,194.132913
564,5352,359781N1194835W003,817084.6953,3987239.489,-119.483487,35.978095,-56.1962,33.49388,202.262244
145,2183,364593N1200299W001,766163.6979,4038994.647,-120.029887,36.459295,-56.17052,17.37031,199.1071914
498,4850,362533N1198874W001,779674.2403,4016538.087,-119.887387,36.253295,-56.14079,28.39555,220.064738
697,6166,361380N1199260W001,776610.7103,4003632.731,-119.925987,36.137995,-55.93886,41.45983,228.1476451
61,1692,362522N1198877W001,779651.2016,4016415.154,-119.887687,36.252195,-55.72955,28.43576,220.0220215
535,5141,362172N1196482W001,801312.6703,4013249.832,-119.648187,36.217195,-55.60566,33.12555,217.6604728
530,5134,362100N1196910W001,797491.1308,4012318.479,-119.690987,36.209995,-55.53617,32.3871,217.8482353
822,6969,359600N1194800W001,817472.9901,3985242.166,-119.479987,35.959995,-55.48697,30.16046,198.5813712
547,5286,363133N1199046W001,777915.256,4023146.637,-119.904587,36.313295,-55.44195,24.22285,218.2643114
488,4171,367130N1204040W001,731871.0881,4066176.215,-120.403987,36.712995,-55.41524,16.066,194.076417
222,2447,364441N1199752W001,771119.8754,4037460.495,-119.975187,36.444095,-55.26838,14.79011,202.9823884
52,1672,363131N1199049W001,777889.024,4023123.581,-119.904887,36.313095,-55.23378,24.22733,218.4396067
604,5528,363053N1198438W001,783404.6907,4022435.461,-119.843787,36.305295,-55.20264,22.68948,217.7457747
291,2955,359636N1194782W001,817620.9578,3985647.56,-119.478187,35.963595,-54.7802,30.61878,199.0466599
110,1928,362692N1197932W001,788082.4552,4018578.938,-119.793187,36.269195,-54.53371,21.73059,223.0485308
632,5605,357978N1195732W001,809695.7375,3966942.314,-119.573187,35.797795,-54.45456,39.30431,214.744856
534,5140,362106N1196685W001,799512.3559,4012454.415,-119.668487,36.210595,-54.28065,33.07111,217.8183469
185,2289,362397N1197132W001,795382.7521,4015546.451,-119.713187,36.239695,-53.69869,24.21616,222.9614901
170,2274,361561N1199238W001,776745.0629,4005647.496,-119.923787,36.156095,-53.45782,36.00253,232.9566348
233,2540,358331N1194913W002,816959.7356,3971122.268,-119.491287,35.833095,-53.4186,13.85381,207.6279594
408,3841,361560N1199240W001,776727.4169,4005635.829,-119.923987,36.155995,-53.35439,36.0215,232.8702174
836,7202,364900N1200200W001,766945.6857,4042428.765,-120.019987,36.489995,-53.26344,13.72499,197.8641796
60,1686,362925N1199046W001,777989.1565,4020838.482,-119.904587,36.292495,-53.21323,26.20816,222.9235636
603,5522,363092N1198438W001,783390.5599,4022868.248,-119.843787,36.309195,-53.18572,22.661,215.7359649
703,6174,362400N1197110W001,795579.3988,4015586.46,-119.710987,36.239995,-53.1253,24.84216,224.5703812
235,2542,358347N1194649W001,819339.1134,3971385.797,-119.464888,35.834695,-52.97269,10.50722,207.6279594
87,1721,362250N1196574W001,800455.4724,4014086.856,-119.657387,36.224995,-52.46452,34.36573,224.2931502
635,5677,364896N1200171W001,767206.9086,4042392.426,-120.017087,36.489595,-52.3555,13.52179,197.644232
611,5542,361814N1199066W001,778203.3414,4008504.18,-119.906587,36.181395,-52.23069,32.93846,226.8385243
633,5606,358042N1195554W001,811280.0058,3967709.065,-119.555387,35.804195,-52.16195,32.50174,212.6976118
54,1674,363211N1199052W001,777833.6537,4024010.471,-119.905187,36.321095,-52.07083,23.52945,217.8974807
623,5564,362453N1197243W001,794363.8472,4016134.085,-119.724287,36.245295,-51.96095,21.80948,222.4449546
192,2304,362314N1196527W001,800853.5332,4014811.702,-119.652687,36.231395,-51.87348,33.73993,222.8575531
407,3840,361400N1199310W001,776153.6429,4003840.422,-119.930987,36.139995,-51.77873,40.58688,231.3923959
759,6532,362344N1196952W001,797021.014,4015013.371,-119.695187,36.234395,-51.59926,27.28809,228.0076517
105,1923,363133N1198477W001,783025.4413,4023311.798,-119.847687,36.313295,-51.54821,22.74013,215.5710043
531,5135,362244N1196749W001,798884.2087,4013966.101,-119.674887,36.224395,-51.52254,30.03651,222.0086685
184,2288,362456N1197218W001,794587.4503,4016174.985,-119.721787,36.245595,-51.51358,21.95384,223.1074218
639,5695,364053N1199685W001,771855.967,4033173.789,-119.968487,36.405295,-51.46861,18.30432,211.6107351
234,2541,358278N1194652W001,819339.6935,3970619.066,-119.465187,35.827795,-51.45445,10.6498,207.6279594
714,6199,357888N1195795W001,809161.0787,3965923.619,-119.579487,35.788795,-51.28971,40.88455,215.5015817
636,5678,364893N1200127W001,767602.1953,4042371.361,-120.012687,36.489295,-50.91222,13.22896,197.5724801
620,5558,362546N1197438W001,792576.2347,4017106.998,-119.743787,36.254595,-50.78988,20.85118,223.7876056
788,6877,362847N1199050W001,777980.9229,4019971.775,-119.904987,36.284695,-50.7839,26.92506,225.4040755
58,1684,362844N1199049W001,777990.9725,4019938.772,-119.904887,36.284395,-50.7373,26.95915,225.4377369
607,5537,361894N1199052W001,778300.9485,4009395.938,-119.905187,36.189395,-50.47639,32.47724,227.8445939
524,5126,363208N1198691W002,781076.5365,4024081.605,-119.869087,36.320795,-50.47002,23.98669,214.3639504
236,2555,358194N1194649W002,819400.5142,3969687.829,-119.464888,35.819395,-49.61385,10.55031,207.6279594
751,6511,364224N1199949W001,769428.7202,4034997.229,-119.994887,36.422395,-49.54834,17.78946,207.0425263
608,5538,362869N1197991W001,787487.2672,4020525.587,-119.799087,36.286895,-49.23304,21.06573,222.8671987
789,6878,362812N1199050W001,777993.3506,4019583.384,-119.904987,36.281195,-49.21999,27.31139,226.3885243
625,5566,362400N1196866W001,797772.934,4015661.258,-119.686587,36.239995,-48.99563,27.62832,228.8854404
191,2303,362406N1196466W001,801366.6223,4015851.664,-119.646587,36.240595,-48.81378,29.97092,227.2830781
399,3826,361960N1199055W001,778250.5824,4010127.463,-119.905487,36.195995,-48.61299,32.3862,232.5256308
646,5703,361972N1199049W001,778300.2966,4010262.347,-119.904887,36.197195,-48.60465,32.26789,229.1050926
626,5567,362383N1196704W001,799235.7951,4015522.566,-119.670387,36.238295,-48.23419,28.84149,224.6689048
112,1931,362618N1197496W001,792028.0884,4017888.483,-119.749587,36.261795,-48.23287,20.59733,223.7028943
106,1924,363128N1198291W001,784697.7445,4023310.956,-119.829087,36.312795,-48.02512,21.35502,217.8615555
758,6529,362541N1197293W001,793881.3868,4017095.458,-119.729287,36.254095,-48.02484,21.28864,227.6465624
790,6879,362781N1199049W001,778013.342,4019239.669,-119.904887,36.278095,-47.82694,27.52706,227.7525992
752,6512,364743N1199863W001,770019.8408,4040780.564,-119.986287,36.474295,-47.74221,12.51189,199.7349801
221,2446,364449N1199682W001,771744.6793,4037568.994,-119.968187,36.444895,-47.64405,15.13822,203.8347834
59,1685,362775N1199049W001,778015.4723,4019173.088,-119.904887,36.277495,-47.5752,27.59146,227.340296
756,6523,363128N1198266W001,784922.2739,4023318.325,-119.826587,36.312795,-47.44664,21.16735,218.4400004
186,2290,362549N1197266W001,794121.0653,4017192.442,-119.726587,36.254895,-47.31877,21.38585,227.3679863
111,1930,362697N1197627W001,790821.428,4018725.703,-119.762687,36.269695,-47.01379,20.01053,227.5901648
645,5701,362047N1199049W001,778273.7172,4011094.604,-119.904887,36.204695,-46.94656,32.1076,228.0432816
784,6834,364155N1199935W001,769578.149,4034235.465,-119.993487,36.415495,-46.72035,18.08442,207.2457415
685,6134,364154N1199936W001,769569.526,4034224.089,-119.993587,36.415395,-46.62871,18.09743,207.2689699
631,5574,362547N1196527W001,800764.1201,4017397.455,-119.652687,36.254695,-46.38769,28.60964,229.6698236
627,5568,362546N1196971W001,796773.7055,4017249.238,-119.697087,36.254595,-46.01243,25.74967,229.1129338
290,2954,357517N1196563W001,802357.6225,3961566.619,-119.656287,35.751695,-45.93982,54.0575,217.9566343
395,3821,362090N1199050W001,778249.4833,4011571.478,-119.904987,36.208995,-45.87286,32.0304,227.4184128
53,1673,363067N1199146W001,777040.5424,4022385.528,-119.914587,36.306695,-45.7925,24.71122,223.7570938
193,2305,362539N1196599W001,800120.0249,4017286.313,-119.659887,36.253895,-45.72025,28.79615,228.3815362
57,1683,362706N1199049W001,778039.9681,4018407.404,-119.904887,36.270595,-45.58481,28.23577,228.2174286
189,2298,362580N1197099W001,795610.3873,4017587.364,-119.709887,36.257995,-45.52962,22.26161,228.3829797
718,6204,357825N1195710W001,809954.1343,3965251.381,-119.570987,35.782495,-45.40106,37.00499,215.6903284
246,2775,364199N1199496W001,773500.0811,4034847.391,-119.949587,36.419895,-45.24408,16.18607,204.4124081
839,7213,363400N1198800W001,780028.8972,4026180.574,-119.879987,36.339995,-45.24378,22.13617,214.742625
266,2833,362103N1199057W001,778181.9261,4011713.726,-119.905687,36.210295,-45.1923,32.11982,227.6147711
179,2283,362632N1197410W001,792795.7605,4018069.843,-119.740987,36.263195,-45.14254,20.47041,226.8008931
398,3824,363100N1198110W001,786333.593,4023053.718,-119.810987,36.309995,-45.03887,19.30897,222.2701515
198,2311,362611N1196504W001,800946.2663,4018114.859,-119.650387,36.261095,-44.78864,<Null>,231.4331439
591,5502,364199N1199493W001,773526.9867,4034848.242,-119.949287,36.419895,-44.69129,16.1478,204.3263517
265,2832,362128N1199060W001,778146.0889,4011990.284,-119.905987,36.212795,-44.55573,32.11738,227.4092264
289,2953,357422N1196538W001,802619.7791,3960520.123,-119.653787,35.742195,-44.14396,53.04989,219.7187406
264,2818,362203N1199054W001,778173.4588,4012824.266,-119.905387,36.220295,-44.0801,31.89669,226.4042395
391,3812,362262N1199051W001,778179.5148,4013479.838,-119.905087,36.226195,-43.86448,31.56999,226.9087671
713,6198,357757N1195817W001,809012.9314,3964462.916,-119.581687,35.775695,-43.83454,40.56961,217.1352432
813,6941,362619N1196577W001,800287.1052,4018180.953,-119.657687,36.261895,-43.82896,28.04867,228.8585375
389,3810,363300N1198510W001,782668.6752,4025155.352,-119.850987,36.329995,-43.49352,21.84971,218.0113915
609,5540,361522N1199413W001,775183.8959,4005164.939,-119.941287,36.152195,-42.73589,38.22672,242.7745156
190,2299,362691N1197035W001,796143.639,4018838.763,-119.703487,36.269095,-42.73246,21.89149,230.3546005
689,6154,362540N1199050W001,778089.8958,4016565.041,-119.904987,36.253995,-42.72964,29.75969,228.4451845
497,4849,362533N1199052W001,778074.4039,4016486.788,-119.905187,36.253295,-42.66751,29.79353,228.3686425
392,3813,362410N1199050W001,778136.0165,4015122.453,-119.904987,36.240995,-42.54517,30.75022,228.1874745
602,5519,362494N1199052W001,778088.2405,4016054.012,-119.905187,36.249395,-42.47447,30.08019,227.5153944
411,3844,362800N1197610W001,790935.9231,4019873.841,-119.760987,36.279995,-42.46271,19.23505,226.9807159
415,3854,362699N1197110W001,795466.6311,4018904.603,-119.710987,36.269895,-42.32313,21.38903,232.2475796
232,2539,357894N1195377W001,812938.246,3966123.122,-119.537687,35.789395,-42.29557,26.6833,213.4455777
292,2957,357241N1196547W001,802606.924,3958508.781,-119.654687,35.724095,-42.20148,49.89954,222.6187407
383,3784,364009N1199862W001,770283.5089,4032635.773,-119.986187,36.400895,-42.14871,18.74393,213.273957
194,2306,362719N1196729W001,798882.8455,4019243.632,-119.672887,36.271895,-42.01606,27.36301,236.4575535
763,6551,357189N1196621W001,801956.949,3957908.909,-119.662087,35.718895,-41.98851,44.41726,222.7261226
426,3881,357180N1196615W001,802014.6476,3957810.885,-119.661487,35.717995,-41.80631,44.15963,222.9417394
554,5315,362764N1196760W001,798587.1095,4019733.448,-119.675987,36.276395,-41.73192,23.69864,237.6652963
151,2224,363942N1199499W001,773563.3689,4031994.637,-119.949887,36.394195,-41.47993,18.11125,213.6637536
195,2307,362867N1196727W001,798844.315,4020886.7,-119.672687,36.286695,-41.14804,21.094,240.3101783
719,6205,357775N1195658W001,810443.8185,3964712.998,-119.565787,35.777495,-41.02641,35.15251,215.8144426
196,2308,362894N1196679W001,799265.2508,4021201.186,-119.667887,36.289395,-41.00875,21.10115,239.5129342
394,3820,362070N1199230W001,776637.8106,4011297.99,-119.922987,36.206995,-41.00848,33.54565,237.697022
798,6907,362073N1199230W001,776636.7535,4011331.28,-119.922987,36.207295,-40.98468,33.5304,237.0923632
797,6906,362075N1199230W001,776636.0487,4011353.474,-119.922987,36.207495,-40.96864,33.51418,236.6943317
546,5285,363047N1199232W001,776275.1845,4022138.973,-119.923187,36.304695,-40.94918,24.77334,226.7390164
294,2959,357750N1195710W001,809983.2919,3964419.077,-119.570987,35.774995,-40.94359,36.42325,216.3121132
545,5284,363069N1199227W001,776312.3227,4022384.533,-119.922687,36.306895,-40.91245,24.575,226.5664443
223,2448,364571N1199682W001,771702.0768,4038922.816,-119.968187,36.457095,-40.81361,14.17783,203.1789107
48,1656,363422N1199057W001,777713.7625,4026350.487,-119.905687,36.342195,-40.65681,21.58442,214.8810108
384,3789,363864N1199593W001,772747.3289,4031102.461,-119.959287,36.386395,-40.41864,19.78514,218.0147051
523,5118,363286N1199229W001,776217.6913,4024791.98,-119.922887,36.328595,-40.35155,22.63857,222.2769756
149,2222,363689N1199410W001,774450.8274,4029212.404,-119.940987,36.368895,-40.07837,19.33348,220.3865884
590,5501,363467N1199046W001,777796.5121,4026853.014,-119.904587,36.346695,-40.07754,21.09134,217.8927235
148,2221,363722N1199421W001,774340.5079,4029575.473,-119.942087,36.372195,-40.06015,19.15847,218.3551251
579,5484,363722N1199504W001,773595.6634,4029551.908,-119.950387,36.372195,-40.04932,20.06222,221.0018115
132,1981,362897N1196732W001,798787.9379,4021218.083,-119.673187,36.289695,-40.04316,20.99287,241.6546337
581,5491,363572N1199421W001,774393.2317,4027910.944,-119.942087,36.357195,-40.0406,20.10216,226.6482028
792,6885,362479N1199131W001,777383.4757,4015864.887,-119.913087,36.247895,-40.03573,30.38929,231.3151321
556,5317,362906N1196724W001,798856.3747,4021320.435,-119.672387,36.290595,-40.03388,20.97746,241.4128358
588,5499,363503N1199368W001,774893.2366,4027160.338,-119.936787,36.350295,-40.02206,20.29715,226.2472841
578,5483,363719N1199579W001,772923.6618,4029497.38,-119.957887,36.371895,-40.02114,20.71919,221.5033207
147,2220,363717N1199582W001,772897.4391,4029474.337,-119.958187,36.371695,-40.01724,20.74429,221.5619822
586,5497,363428N1199593W001,772899.7149,4026264.251,-119.959287,36.342795,-39.99934,23.38839,235.4421007
154,2246,363503N1199410W001,774516.2206,4027148.388,-119.940987,36.350295,-39.99718,20.48,228.2709719
153,2245,363500N1199466W001,774014.5858,4027099.189,-119.946587,36.349995,-39.99472,21.03758,230.2904929
587,5498,363489N1199407W001,774548.0717,4026993.885,-119.940687,36.348895,-39.99464,20.6043,228.2535834
56,1682,362703N1199229W001,776423.5809,4018322.524,-119.922887,36.270295,-39.99428,28.01061,233.6641151
496,4848,362703N1199229W002,776423.5809,4018322.524,-119.922887,36.270295,-39.99428,28.01061,233.6641151
522,5115,363428N1199410W001,774542.5806,4026316.125,-119.940987,36.342795,-39.99165,21.34684,228.3403288
49,1664,363139N1199588W001,773045.5393,4023058.699,-119.958787,36.313895,-39.99034,24.68567,241.1862282
794,6897,362265N1199138W001,777396.2435,4013488.169,-119.913787,36.226495,-39.96888,32.2038,231.7338657
386,3802,363400N1199210W001,776347.9763,4026062.461,-119.920987,36.339995,-39.96555,21.50286,220.4050267
155,2247,363433N1199327W001,775285.9463,4026395.239,-119.932687,36.343295,-39.92375,20.98074,224.588229
589,5500,363433N1199327W002,775285.9463,4026395.239,-119.932687,36.343295,-39.92375,20.98074,224.588229
390,3811,362264N1199277W001,776146.8655,4013437.341,-119.927687,36.226395,-39.90571,32.06789,239.0949223
150,2223,363811N1199407W001,774434.8384,4030567.077,-119.940687,36.381095,-39.88662,18.20634,216.345545
388,3809,362409N1199230W001,776518.3107,4015059.784,-119.922987,36.240895,-39.84618,30.88558,237.6090299
101,1918,362550N1199238W001,776396.678,4016622.144,-119.923787,36.254995,-39.82349,29.52407,237.8885247
600,5516,362519N1199238W001,776407.6106,4016278.144,-119.923787,36.251895,-39.79577,29.76577,237.88111
263,2817,362261N1199227W001,776597.4664,4013418.322,-119.922687,36.226095,-39.74959,32.13386,236.3234656
50,1670,362844N1199399W001,774846.5019,4019838.719,-119.939887,36.284395,-39.74894,26.50803,234.5569301
787,6876,362659N1199321W001,775612.367,4017808.014,-119.932087,36.265895,-39.7463,28.26537,237.6594892
103,1921,362333N1199321W001,775727.0138,4014190.475,-119.932087,36.233295,-39.74312,31.45938,242.5947912
387,3804,362700N1199414W001,774762.2605,4018236.524,-119.941387,36.269995,-39.72163,27.81862,240.8389513
104,1922,362481N1199168W001,777050.1974,4015876.483,-119.916787,36.248095,-39.71778,30.32688,233.2767135
688,6150,362850N1199410W001,774745.5705,4019902.174,-119.940987,36.284995,-39.70609,26.42442,234.5789445
51,1671,362994N1199321W001,775494.4619,4021525.438,-119.932087,36.299395,-39.67113,25.13107,231.8762541
786,6872,363064N1199317W001,775505.7397,4022303.355,-119.931687,36.306395,-39.66596,24.40485,230.5201517
601,5518,362344N1199229W001,776550.2211,4014338.781,-119.922887,36.234395,-39.6503,31.50789,236.3725141
712,6197,357609N1195985W001,807550.7141,3962767.597,-119.598487,35.760895,-39.64013,46.05893,217.6443639
401,3830,361378N1199499W001,774460.1746,4003542.673,-119.949887,36.137795,-39.63797,39.39836,242.8654277
651,5736,357828N1195432W001,812466.8131,3965373.106,-119.543187,35.782795,-39.57649,28.21335,214.1862601
262,2816,362261N1199404W001,775006.0804,4013367.907,-119.940387,36.226095,-39.54696,32.09126,248.31884
691,6156,362266N1199433W001,774743.5947,4013415.158,-119.943287,36.226595,-39.46645,32.05811,249.3183479
330,3224,357831N1194893W001,817339.6517,3965579.898,-119.489288,35.783095,-39.38231,14.8659,209.2253348
695,6162,361961N1199366W001,775452.9842,4010049.703,-119.936587,36.196095,-39.34425,35.03438,243.7581115
167,2271,361814N1199382W001,775360.5936,4008413.949,-119.938187,36.181395,-39.28651,36.38672,243.7516154
845,7224,361667N1199415W001,775115.1704,4006773.378,-119.941487,36.166695,-39.26284,37.62424,243.7546994
393,3819,362110N1199410W001,775005.0447,4011690.606,-119.940987,36.210995,-39.23484,33.71599,246.9092927
166,2270,361672N1199416W001,775104.4233,4006828.577,-119.941587,36.167195,-39.19387,37.60106,243.8400012
275,2859,361558N1199477W001,774595.3718,4005546.278,-119.947687,36.155795,-39.08259,38.50112,245.8429869
404,3833,361668N1199421W001,775060.8345,4006782.772,-119.942087,36.166795,-39.05344,37.64099,244.1810446
628,5569,362878N1196996W001,796423.3022,4020925.951,-119.699587,36.287795,-39.04507,20.424,236.5423632
644,5700,362025N1199410W001,775034.8198,4010747.39,-119.940987,36.202495,-38.95042,34.62016,246.504273
224,2449,364449N1199596W001,772515.7207,4037593.288,-119.959587,36.444895,-38.79293,15.32954,204.8912467
158,2262,361889N1199404W001,775136.4181,4009239.949,-119.940387,36.188895,-38.78528,35.88615,245.5241548
187,2291,362835N1197168W001,794894.1907,4020396.156,-119.716787,36.283495,-38.71597,19.22892,233.4432489
188,2292,362835N1197168W002,794894.1907,4020396.156,-119.716787,36.283495,-38.71597,19.22892,233.4432489
694,6161,361959N1199408W001,775075.9237,4010015.578,-119.940787,36.195895,-38.69638,35.23577,245.6371798
796,6905,362037N1199499W001,774230.2024,4010855.321,-119.949887,36.203695,-38.45483,34.72934,251.3714319
643,5699,362033N1199499W001,774231.5994,4010810.934,-119.949887,36.203295,-38.43806,34.77212,251.3593584
329,3222,357828N1195260W001,814022.1535,3965428.178,-119.525987,35.782795,-38.38218,24.0691,212.8316669
71,1702,363144N1197968W001,787592.7922,4023584.17,-119.796787,36.314395,-38.26701,17.43243,227.7922973
544,5270,363944N1199407W001,774388.0427,4032042.965,-119.940687,36.394395,-38.25814,16.80346,212.2222509
614,5550,362928N1197624W001,790762.5773,4021290.089,-119.762387,36.292795,-38.07634,18.42326,229.5113591
555,5316,362981N1196629W001,799681.1418,4022182.175,-119.662887,36.298095,-38.00228,20.94083,238.4112937
116,1939,362868N1197454W001,792312.2121,4020675.515,-119.745387,36.286795,-37.98926,18.80725,232.2588001
128,1967,362944N1196910W001,797170.8959,4021684.797,-119.690987,36.294395,-37.92523,20.42393,238.2177898
629,5572,362986N1196693W001,799104.2988,4022217.837,-119.669287,36.298595,-37.85355,20.77935,240.6673962
127,1966,363028N1196866W001,797534.2276,4022630.533,-119.686587,36.302795,-37.68582,20.30289,240.0924618
123,1952,362857N1197277W001,793906.5834,4020607.108,-119.727687,36.285695,-37.49738,18.91839,230.6291084
24,1450,363119N1196727W001,798748.061,4023683.308,-119.672687,36.311895,-37.42282,20.23917,243.3384264
133,1982,363128N1196816W001,797945.2619,4023755.703,-119.681587,36.312795,-37.38485,18.48025,243.3712676
630,5573,363039N1196729W001,798760.6589,4022794.877,-119.672887,36.303895,-37.30338,20.57361,244.5614251
606,5536,361814N1199502W001,774281.0758,4008379.928,-119.950187,36.181395,-37.11771,37.07778,250.9196275
134,1983,363078N1196649W001,799464.3351,4023252.451,-119.664887,36.307795,-36.95267,20.64346,244.1441023
159,2263,361811N1199516W001,774156.1789,4008342.677,-119.951587,36.181095,-36.86597,37.15812,251.377239
293,2958,357611N1195891W001,808400.1701,3962819.366,-119.589087,35.761095,-36.14127,42.19905,217.6601776
402,3831,361520N1199590W001,773591.7125,4005092.678,-119.958987,36.151995,-36.10686,39.35667,252.7502049
165,2269,361731N1199557W001,773815.212,4007443.364,-119.955687,36.173095,-35.98945,37.88013,252.6863926
152,2233,363883N1199318W001,775208.0329,4031391.41,-119.931787,36.388295,-35.55852,16.96191,213.0102758
638,5694,365071N1199693W001,771428.8054,4044468.183,-119.969287,36.507095,-35.55681,10.42397,207.6321917
247,2776,364232N1199449W001,773909.9975,4035226.936,-119.944887,36.423195,-35.33105,15.02598,206.6124082
652,5738,357236N1196241W001,805377.8404,3958548.235,-119.624087,35.723595,-35.31139,53.21243,222.6444953
117,1940,362980N1197471W001,792117.6645,4021913.285,-119.747087,36.297995,-35.24642,18.22445,233.6758277
641,5697,364527N1199593W001,772515.3012,4038459.697,-119.959287,36.452695,-35.03634,14.73163,204.8115879
130,1969,363225N1196829W001,797791.5492,4024828.166,-119.682887,36.322495,-34.54817,18.05586,243.9077834
327,3220,357756N1195435W001,812467.9021,3964573.129,-119.543487,35.775595,-34.51527,28.50019,214.7005646
241,2744,364921N1199668W001,771705.2302,4042810.694,-119.966787,36.492095,-34.0807,11.39324,207.2151969
64,1695,363461N1198468W001,782987.4771,4026954.29,-119.846787,36.346095,-33.43676,18.4185,221.8786488
75,1706,363139N1197799W001,789112.446,4023579.122,-119.779887,36.313895,-32.66723,16.81598,232.653682
325,3217,357606N1195816W001,809080.4815,3962787.535,-119.581587,35.760595,-32.33371,39.49053,217.8342261
156,2257,363667N1198832W001,779645.9689,4029134.207,-119.883187,36.366695,-31.87033,19.47454,216.7653285
837,7207,364700N1199600W001,772391.9579,4040377.487,-119.959987,36.469995,-31.60541,13.1636,206.0539764
244,2763,364735N1199579W001,772567.9051,4040771.824,-119.957887,36.473495,-30.42445,12.91398,207.8593899
328,3221,357722N1195349W001,813258.9977,3964223.311,-119.534887,35.772195,-30.37268,26.48873,214.1667719
245,2772,364432N1199502W001,773364.4598,4037431.273,-119.950187,36.443195,-30.27254,14.22212,206.5176247
764,6552,357181N1196166W001,806077.5938,3957961.294,-119.616587,35.718095,-30.27201,50.1418,225.013229
717,6203,357625N1195714W001,809995.6966,3963030.639,-119.571387,35.762495,-29.70161,36.22843,217.1539111
425,3878,357334N1196103W001,806589.0094,3959678.858,-119.610287,35.733395,-28.8196,48.60592,222.5065688
527,5131,363194N1197610W001,790789.4358,4024246.2,-119.760987,36.319395,-28.58973,16.35664,235.7416086
503,4856,363269N1197113W001,795224.4932,4025229.274,-119.711287,36.326895,-28.32666,16.8149,241.027534
129,1968,363286N1197124W001,795119.2948,4025414.571,-119.712387,36.328595,-28.042,16.80319,241.508177
687,6148,363800N1199010W001,778001.0661,4030558.676,-119.900987,36.379995,-27.99041,18.06677,212.4907548
840,7214,363800N1199000W001,778090.7986,4030561.558,-119.899987,36.379995,-27.71666,18.08114,212.8533205
124,1953,363274N1197327W001,793300.9326,4025219.56,-119.732687,36.327395,-27.50481,16.10717,241.9100471
504,4857,363417N1196979W001,796371.6495,4026912.765,-119.697887,36.341695,-26.84687,16.36891,246.4513858
502,4855,363431N1197163W001,794714.3843,4027011.805,-119.716287,36.343095,-26.17464,15.58587,247.3713334
41,1641,364916N1199307W001,774941.6252,4042857.751,-119.930687,36.491595,-25.02846,11.50163,217.679108
582,5492,364493N1199460W001,773719.5696,4038120.114,-119.945987,36.449295,-24.99987,13.08505,206.643609
501,4853,363388N1197438W001,792261.5381,4026451.019,-119.743787,36.338795,-24.80392,15.48657,240.0206114
543,5256,365035N1199127W001,776512.1159,4044229.893,-119.912687,36.503495,-24.72711,10.96263,222.2659848
528,5132,363342N1197629W001,790563.7757,4025882.896,-119.762887,36.334195,-24.6944,15.50699,238.8828489
580,5485,364738N1199416W001,774027.7074,4040851.391,-119.941587,36.473795,-24.22674,12.23326,207.7724148
243,2762,364518N1199454W001,773764.5647,4038399.244,-119.945387,36.451795,-24.19476,12.82913,206.6938386
125,1954,363519N1197279W001,793639.8494,4027953.04,-119.727887,36.351895,-23.43395,15.33535,241.0089972
326,3219,357181N1196074W001,806910.1754,3957990.069,-119.607387,35.718095,-22.92121,46.47526,222.5065688
255,2784,364782N1198471W001,782481.216,4041612.845,-119.847087,36.478195,-22.82606,12.68114,227.8523367
119,1942,363603N1197266W001,793724.9435,4028889.189,-119.726587,36.360295,-22.54281,15.12732,240.7488922
46,1654,364921N1198721W001,780190.591,4043082.279,-119.872087,36.492095,-22.5333,12.45219,227.8847514
42,1646,364924N1198991W001,777770.227,4043037.286,-119.899087,36.492395,-22.51167,11.95037,218.646234
226,2451,364868N1198788W001,779609.3189,4042474.636,-119.878787,36.486795,-22.4504,12.44129,228.0178879
43,1647,364974N1198899W001,778576.642,4043618.744,-119.889887,36.497395,-22.4242,11.94896,222.7985636
79,1710,363425N1197785W001,789132.3534,4026757.151,-119.778487,36.342495,-22.33424,15.05055,237.7036165
225,2450,364885N1198904W001,778563.7538,4042629.646,-119.890387,36.488495,-22.33051,12.01841,222.7867525
44,1652,364893N1198907W001,778534.0038,4042717.555,-119.890687,36.489295,-22.28181,12.01772,222.9298628
118,1941,363675N1197188W001,794397.9093,4029711.983,-119.718787,36.367495,-22.28074,15.37811,244.278912
45,1653,364927N1198899W001,778593.4971,4043097.176,-119.889887,36.492695,-22.20385,12.01,222.7281895
642,5698,364757N1198646W001,780921.8972,4041284.195,-119.864587,36.475695,-22.15384,12.83185,226.0002697
254,2783,364682N1198732W001,780178.1679,4040426.838,-119.873187,36.468195,-21.91356,12.8325,222.7658208
585,5495,364813N1198968W001,778016.0237,4041812.142,-119.896787,36.481295,-21.69471,12.03231,218.269003
249,2778,364743N1198877W001,778856.6374,4041061.665,-119.887687,36.474295,-21.6127,12.39235,218.3435109
593,5504,364738N1198874W001,778885.3183,4041007.048,-119.887387,36.473795,-21.45976,12.38964,218.5260897
78,1709,363481N1197810W001,788887.1923,4027371.119,-119.780987,36.348095,-21.37582,14.92992,234.9023697
702,6171,363599N1197410W001,792433.9053,4028801.068,-119.740987,36.359895,-21.24392,14.75022,238.732488
807,6918,363500N1197800W001,788969.9338,4027584.961,-119.779987,36.349995,-21.22931,15.00421,234.3204143
808,6919,363500N1197800W002,788969.9338,4027584.961,-119.779987,36.349995,-21.22931,15.00421,234.3204143
809,6920,363500N1197800W003,788969.9338,4027584.961,-119.779987,36.349995,-21.22931,15.00421,234.3204143
253,2782,364388N1198632W001,781180.7193,4037193.403,-119.863187,36.438795,-20.78956,12.77034,218.6165096
841,7215,364700N1198400W001,783147.3867,4040723.726,-119.839987,36.469995,-20.78875,12.22353,232.7886886
842,7216,364700N1198400W002,783147.3867,4040723.726,-119.839987,36.469995,-20.78875,12.22353,232.7886886
258,2789,364449N1198313W001,784018.8019,4037963.92,-119.831287,36.444895,-20.77444,12.36439,226.2825204
599,5513,364424N1198510W001,782261.5854,4037628.581,-119.850987,36.442395,-20.75573,12.62477,222.766805
256,2785,364677N1198396W001,783191.6156,4040469.664,-119.839587,36.467695,-20.68019,12.07889,229.5034522
596,5507,364505N1198696W001,780564.6777,4038473.114,-119.869587,36.450495,-20.66362,12.99342,222.1807158
259,2796,364305N1198391W001,783371.8758,4036342.94,-119.839087,36.430495,-20.66332,12.38953,227.1985309
257,2786,364668N1198257W001,784440.8055,4040410.766,-119.825687,36.466795,-20.66168,12.46356,230.921989
595,5506,364402N1198788W001,779776.9079,4037303.345,-119.878787,36.440195,-20.58767,13.14585,220.1484651
598,5512,364149N1198621W001,781365.6897,4034544.384,-119.862087,36.414895,-20.56663,12.77463,221.3214966
500,4852,363722N1197282W001,793536.564,4030204.929,-119.728187,36.372195,-20.53808,14.82838,242.3419041
594,5505,364205N1198949W001,778403.7541,4035070.58,-119.894887,36.420495,-20.50896,13.86308,216.241608
250,2779,364310N1198927W001,778563.504,4036242.132,-119.892687,36.430995,-20.43429,13.53845,217.7130975
252,2781,364255N1198960W001,778287.2346,4035622.257,-119.895987,36.425495,-20.39449,13.79533,215.1858665
331,3229,357033N1196184W001,805971.3433,3956313.298,-119.618387,35.703295,-20.37212,50.39511,227.3787474
251,2780,364268N1198963W001,778255.6858,4035765.653,-119.896287,36.426795,-20.35962,13.76703,214.7443638
584,5494,364521N1199052W001,777367.3837,4038547.553,-119.905187,36.452095,-20.33991,12.50792,212.8669031
597,5511,364033N1199049W001,777568.1597,4033133.05,-119.904887,36.403295,-20.14815,15.65159,212.811621
549,5290,364097N1198449W001,782927.2975,4034017.672,-119.844887,36.409695,-20.07224,12.44072,222.8977105
77,1708,363927N1197477W001,791709.8405,4032420.766,-119.747687,36.392695,-20.03836,13.81898,243.0279933
754,6521,364039N1199038W001,777664.6983,4033202.799,-119.903787,36.403895,-20.0313,15.53969,212.8005317
248,2777,364299N1199085W001,777150.5762,4036074.505,-119.908487,36.429895,-19.94341,13.83617,210.5754661
548,5287,363981N1198804W001,779784.6147,4032626.808,-119.880387,36.398095,-19.92117,14.87749,217.8796001
753,6518,364510N1199321W001,774959.7185,4038348.354,-119.932087,36.450995,-19.8867,11.94875,207.9361287
157,2260,363881N1198629W001,781390.6667,4031568.01,-119.862887,36.388095,-19.7538,13.92406,221.4032223
785,6857,364421N1199168W001,776362.966,4037404.504,-119.916787,36.442095,-19.74558,12.50782,212.3247443
592,5503,364352N1199154W001,776512.9989,4036642.825,-119.915387,36.435195,-19.68778,13.02823,209.4576511
76,1707,363863N1197571W001,790890.3318,4031682.134,-119.757087,36.386295,-19.59068,14.08394,242.0420353
583,5493,364424N1199232W001,775788.0771,4037419.454,-119.923187,36.442395,-19.45855,12.19882,210.1429857
526,5128,363561N1197907W001,787986.8952,4028229.922,-119.790687,36.356095,-19.3837,14.56477,233.2923631
427,3882,357481N1195803W001,809246.5022,3961404.475,-119.580287,35.748095,-19.35141,38.64959,219.4468902
755,6522,364313N1197916W001,787628.547,4036572.466,-119.791587,36.431295,-19.3075,12.45141,237.6653619
843,7218,364300N1198000W001,786880.0591,4036403.156,-119.799987,36.429995,-19.28765,12.40927,233.3317004
550,5295,364185N1198163W001,785460.4713,4035078.555,-119.816287,36.418495,-19.20314,12.36799,233.142035
260,2804,364180N1198168W001,785417.4582,4035021.587,-119.816787,36.417995,-19.19912,12.3691,233.1388854
800,6909,363700N1198300W001,784408.5841,4029655.896,-119.829987,36.369995,-18.99464,13.98961,227.8002698
74,1705,364002N1197624W001,790362.9966,4033208.711,-119.762387,36.400195,-18.87432,13.29518,242.3169041
67,1698,363728N1198296W001,784434.2758,4029967.798,-119.829587,36.372795,-18.68645,13.71234,227.1134587
552,5297,364255N1197804W001,788654.4207,4035962.307,-119.780387,36.425495,-18.50356,12.67661,238.2497452
428,3883,357030N1196174W002,806063.0063,3956283.129,-119.617387,35.702995,-18.48199,50.06247,227.5049942
722,6216,357030N1196174W001,806063.0063,3956283.129,-119.617387,35.702995,-18.48199,50.06247,227.5049942
525,5127,363725N1198007W001,787028.9505,4030020.091,-119.800687,36.372495,-18.33661,13.75191,232.8133933
72,1703,363800N1197974W001,787297.4841,4030862.213,-119.797387,36.379995,-18.28517,13.61133,232.7395744
73,1704,363981N1197799W001,788800.8087,4032923.106,-119.779887,36.398095,-18.254,12.99108,241.6203817
69,1700,363947N1197888W001,788014.9102,4032519.175,-119.788787,36.394695,-18.2536,12.86503,234.9841939
551,5296,364163N1198007W001,786867.7428,4034880.73,-119.800687,36.416295,-18.08591,12.61176,233.9579471
261,2805,364160N1198004W001,786895.7556,4034848.331,-119.800387,36.415995,-18.07306,12.61675,233.8134261
68,1699,363794N1198157W001,785657.5332,4030741.285,-119.815687,36.379395,-17.83558,13.21767,231.6693316
795,6898,364000N1198100W001,786093.4354,4033044.225,-119.809987,36.399995,-17.79566,12.98118,236.1931178
653,5739,357181N1195985W001,807715.61,3958017.981,-119.598487,35.718095,-11.22881,43.99241,222.5065688
208,2355,356956N1195138W001,815469.7152,3955790.345,-119.513788,35.695595,-3.494906,23.93702,224.0831108
567,5365,356975N1195156W001,815299.2761,3955995.407,-119.515587,35.697495,-3.444341,24.36544,223.6998103
654,5741,357236N1195804W001,809332.3427,3958685.322,-119.580387,35.723595,-2.34636,39.30358,222.5066344
781,6584,356266N1194567W001,820915.2622,3948318.201,-119.456688,35.626595,-2.04204,11.50669,256.7617208
332,3230,357183N1195417W001,812855.1851,3958220.038,-119.541687,35.718295,-1.760492,29.83742,220.8191016
211,2367,356600N1194907W001,817702.1928,3951914.193,-119.490688,35.659995,-1.204442,18.58895,235.667396
569,5370,356597N1194910W001,817676.2127,3951879.929,-119.490988,35.659695,-1.14856,18.64643,235.7133934
570,5371,356594N1194907W001,817704.5733,3951847.607,-119.490688,35.659395,-1.126151,18.58909,235.8902306
430,3885,357172N1195460W001,812470.3372,3958084.245,-119.545987,35.717195,-0.970595,30.81911,221.2520084
825,6974,357228N1195538W001,811742.5809,3958680.853,-119.553787,35.722795,-0.946442,32.57422,220.7036816
727,6244,356741N1195100W001,815898.5993,3953416.617,-119.509987,35.674095,-0.888116,23.14255,228.1813393
452,3924,356739N1195099W001,815908.4438,3953394.745,-119.509888,35.673895,-0.883291,23.1112,228.2484981
214,2374,356247N1194747W001,819291.9145,3948048.671,-119.474688,35.624695,-0.78925,15.6851,253.0343257
209,2357,356519N1195186W001,815207.2445,3950925.322,-119.518587,35.651895,-0.568895,25.97664,233.2322253
486,3961,356160N1194568W001,820948.6252,3947141.525,-119.456788,35.615995,-0.557001,12.22691,258.2934466
465,3937,356594N1195007W001,816798.8914,3951815.275,-119.500687,35.659395,-0.406454,21.13173,233.6118513
824,6973,357169N1195665W001,810616.2388,3957985.776,-119.566487,35.716895,-0.104083,36.18287,222.0801908
210,2366,356447N1194999W001,816929.5041,3950186.525,-119.499887,35.644695,-0.035113,21.27893,238.7964643
451,3923,356445N1195100W001,816015.3886,3950131.766,-119.509987,35.644495,-0.015913,23.98423,237.9169039
215,2375,356175N1194602W001,820634.5251,3947296.885,-119.460188,35.617495,0.048458,12.52373,257.0226132
207,2354,356817N1195266W001,814365.599,3954206.688,-119.526588,35.681695,0.095468,27.25473,226.222645
566,5364,356747N1195352W001,813614.3711,3953402.337,-119.535188,35.674695,1.036017,29.39457,227.4222514
765,6557,357172N1195802W001,809375.2202,3957975.727,-119.580187,35.717195,1.170571,39.50602,222.4734651
737,6257,356159N1194957W001,817423.9797,3947004.017,-119.495688,35.615895,1.954642,21.47538,251.8887548
723,6217,357149N1195806W001,809347.9231,3957719.227,-119.580587,35.714895,2.507591,39.69005,222.5641475
575,5381,356094N1194560W001,821047.5354,3946411.697,-119.455988,35.609395,3.641252,12.21104,260.8792078
306,3015,356019N1194399W001,822536.7694,3945632.108,-119.439887,35.601895,5.453856,<Null>,268.8065047
307,3016,356019N1194399W003,822536.7694,3945632.108,-119.439887,35.601895,5.453856,<Null>,268.8065047
308,3017,356019N1194399W004,822536.7694,3945632.108,-119.439887,35.601895,5.453856,<Null>,268.8065047
574,5380,356019N1194399W002,822536.7694,3945632.108,-119.439887,35.601895,5.453856,<Null>,268.8065047
826,6977,356956N1195623W001,811079.2141,3955635.367,-119.562287,35.695595,6.01684,35.76012,223.7879337
429,3884,357030N1195991W001,807719.4356,3956340.42,-119.599087,35.702995,6.75743,44.53614,227.4934456
305,3014,356011N1194560W001,821080.7484,3945490.595,-119.455988,35.601095,6.838232,11.9446,263.2344572
573,5379,356014N1194643W001,820327.2769,3945496.797,-119.464287,35.601395,7.57067,12.88527,262.2176921
213,2369,356256N1195182W001,815346.9472,3948007.987,-119.518187,35.625595,11.66722,27.04209,244.4380328
212,2368,356247N1195185W001,815323.3048,3947907.147,-119.518488,35.624695,12.96002,27.10294,244.6449225
276,2880,357006N1195802W001,809439.4725,3956133.581,-119.580187,35.700595,17.82105,40.02632,224.3738261
436,3903,355436N1196316W001,805384.0987,3938550.312,-119.631587,35.543595,60.40619,22.81376,246.1854738
725,6223,356739N1195811W001,809461.2693,3953167.779,-119.581087,35.673895,60.84331,41.03175,227.7960703
453,3925,355435N1196199W001,806445.6158,3938575.586,-119.619888,35.543495,62.10423,22.05086,245.0997126
455,3927,355431N1196193W001,806501.5575,3938533.067,-119.619287,35.543095,62.7062,22.01365,245.0086364
454,3926,355489N1196188W001,806524.7985,3939178.246,-119.618787,35.548895,62.89721,22.34479,244.9228753
769,6568,355356N1196271W001,805822.6401,3937676.535,-119.627088,35.535595,63.56821,22.16757,246.2676916
729,6248,355580N1196188W001,806490.1069,3940188.067,-119.618787,35.557995,65.14878,22.9874,242.6398044
456,3928,355578N1196182W002,806545.2772,3940167.743,-119.618188,35.557795,65.21429,22.94356,242.7253359
728,6247,355578N1196182W001,806545.2772,3940167.743,-119.618188,35.557795,65.21429,22.94356,242.7253359
302,3006,355377N1196197W001,806485.8531,3937932.588,-119.619687,35.537695,65.22617,21.78145,245.3876063
829,6984,355716N1195808W001,809883.4967,3941816.33,-119.580787,35.571595,66.49551,20.74511,241.7133608
301,3003,355586N1196113W001,807167.9099,3940278.042,-119.611288,35.558595,67.25113,22.49559,243.1290432
340,3269,355694N1195814W001,809837.5812,3941570.304,-119.581388,35.569395,67.37334,20.48981,241.9292072
473,3946,355719N1195968W001,808431.7077,3941799.321,-119.596788,35.571895,67.45477,21.81706,242.020349
304,3008,355694N1195782W001,810127.7176,3941580.39,-119.578187,35.569395,67.64103,20.08259,240.9795025
471,3944,355730N1195996W001,808173.6286,3941912.61,-119.599587,35.572995,68.96171,22.17624,240.1700864
472,3945,355730N1195996W002,808173.6286,3941912.61,-119.599587,35.572995,68.96171,22.17624,240.1700864
335,3263,355803N1195896W001,809052.1726,3942754.081,-119.589587,35.580295,69.0879,23.11613,240.3230064
300,3002,355681N1196093W001,807312.9403,3941338.502,-119.609287,35.568095,69.92996,23.40976,242.3654933
475,3948,355768N1195997W001,808149.9859,3942333.983,-119.599688,35.576795,70.36127,22.76231,241.0957426
466,3939,355211N1196316W001,805469.5044,3936053.518,-119.631587,35.521095,71.1623,21.90292,256.8646408
568,5369,355511N1196072W001,807568.3848,3939458.578,-119.607187,35.551095,71.45438,19.83938,252.2725803
467,3940,355288N1196206W001,806438.1153,3936942.161,-119.620587,35.528795,72.04749,21.49943,246.1480394
733,6253,355288N1196206W002,806438.1153,3936942.161,-119.620587,35.528795,72.04749,21.49943,246.1480394
476,3949,355650N1195802W003,809963.3542,3941085.813,-119.580187,35.564995,72.63356,20.0826,241.202698
571,5373,355650N1195802W001,809963.3542,3941085.813,-119.580187,35.564995,72.63356,20.0826,241.202698
775,6575,355217N1196254W001,806029.692,3936139.352,-119.625388,35.521695,73.37792,21.61335,247.357521
776,6576,355283N1196191W001,806576.0885,3936891.347,-119.619088,35.528295,73.53333,21.43865,245.844332
303,3007,355589N1196004W001,808155.1612,3940345.423,-119.600387,35.558895,73.70438,20.31714,242.6279605
474,3947,355589N1196004W002,808155.1612,3940345.423,-119.600387,35.558895,73.70438,20.31714,242.6279605
460,3932,355818N1195997W002,808130.8044,3942888.835,-119.599688,35.581795,74.38979,24.09797,240.404404
774,6574,355818N1195997W001,808130.8044,3942888.835,-119.599688,35.581795,74.38979,24.09797,240.404404
481,3955,355144N1196210W001,806456.6482,3935342.964,-119.620987,35.514395,78.51387,21.19417,247.4836693
770,6570,355865N1195985W001,808221.5488,3943414.158,-119.598488,35.586495,79.00356,25.53554,239.7504014
771,6571,355865N1195985W002,808221.5488,3943414.158,-119.598488,35.586495,79.00356,25.53554,239.7504014
772,6572,355865N1195985W003,808221.5488,3943414.158,-119.598488,35.586495,79.00356,25.53554,239.7504014
459,3931,355865N1196036W001,807759.2461,3943398.18,-119.603588,35.586495,79.82442,25.62769,239.77924
482,3956,355140N1196165W001,806866.4515,3935312.589,-119.616488,35.513995,80.98827,19.56973,246.7571273
738,6259,355140N1196164W001,806875.5244,3935312.901,-119.616388,35.513995,81.04082,19.49531,246.7406247
773,6573,355865N1195865W001,809309.323,3943451.849,-119.586488,35.586495,81.80962,24.3158,240.1786166
468,3941,355287N1196097W001,807427.263,3936965.048,-119.609688,35.528695,81.90758,19.25249,244.2909527
469,3942,355287N1196088W001,807508.9045,3936967.859,-119.608788,35.528695,82.83498,19.22508,244.1443648
777,6577,355708N1195638W001,811427.9084,3941781.257,-119.563788,35.570795,83.01551,19.04846,240.6266153
470,3943,355428N1196027W001,808008.2666,3938551.605,-119.602688,35.542795,83.27706,19.61013,243.0436429
342,3271,355864N1195833W001,809599.7824,3943450.826,-119.583287,35.586395,83.42198,23.96692,240.0676586
736,6256,355866N1195834W001,809589.9465,3943472.705,-119.583388,35.586595,83.76936,24.03889,240.0392137
724,6219,356741N1196234W001,805630.305,3953057.355,-119.623387,35.674095,83.96075,46.67313,230.9378683
431,3887,356739N1196231W001,805658.2331,3953036.096,-119.623087,35.673895,84.19726,46.79263,231.0059129
830,6985,355687N1195623W001,811572.0514,3941552.968,-119.562287,35.568695,85.07289,18.78823,240.6266153
461,3933,355939N1196002W001,808039.0558,3944230.011,-119.600188,35.593895,85.35792,27.93678,238.2005326
443,3915,356089N1196210W001,806096.5526,3945829.57,-119.620987,35.608895,87.12801,27.19535,237.3786165
434,3901,356158N1196237W001,805825.5701,3946586.854,-119.623687,35.615795,87.17778,28.4331,237.3785181
484,3958,355563N1195827W001,809770.2008,3940112.491,-119.582688,35.556295,87.48182,19.58979,249.8114253
778,6581,355139N1195996W001,808400.1613,3935354.285,-119.599587,35.513895,90.47488,18.61022,246.4994501
767,6566,356097N1196181W001,806356.3008,3945927.384,-119.618087,35.609695,90.6841,26.72212,237.9693318
726,6243,356101N1196181W001,806354.7734,3945971.772,-119.618087,35.610095,90.94476,26.70702,237.943085
831,6998,355137N1195985W001,808500.7304,3935335.537,-119.598488,35.513695,91.04034,18.5759,246.5049291
734,6254,355282N1196003W001,808281.8795,3936938.959,-119.600287,35.528195,91.33418,18.97263,247.096563
339,3268,355283N1196000W001,808308.7104,3936950.996,-119.599987,35.528295,91.61409,18.96381,247.2827179
478,3951,355861N1195704W001,810770.3084,3943458.239,-119.570387,35.586095,91.88814,22.03998,241.2202177
739,6260,355530N1195827W002,809782.9164,3939746.288,-119.582688,35.552995,91.91186,19.47594,252.6737286
780,6583,355530N1195827W001,809782.9164,3939746.288,-119.582688,35.552995,91.91186,19.47594,252.6737286
479,3952,355772N1195552W001,812182.7699,3942518.748,-119.555188,35.577195,92.02347,18.97801,240.6266153
485,3959,355572N1195627W001,811580.3652,3940275.528,-119.562687,35.557195,93.01139,18.42175,241.6023043
656,5757,356139N1196178W001,806367.4478,3946394.394,-119.617787,35.613895,93.74874,26.47293,237.4379997
341,3270,355861N1195675W001,811033.1906,3943467.411,-119.567487,35.586095,93.80135,21.53065,241.4870812
440,3912,356161N1196188W001,806268.4322,3946635.41,-119.618787,35.616095,93.95091,26.94206,237.3786165
735,6255,355865N1195682W001,810968.1872,3943509.585,-119.568187,35.586495,93.98863,21.7296,241.4319631
442,3914,356144N1196177W001,806374.5999,3946450.191,-119.617687,35.614395,94.18899,26.44531,237.4088331
446,3918,356146N1196176W001,806382.8975,3946472.697,-119.617587,35.614595,94.43637,26.41251,237.3954144
477,3950,355864N1195670W001,811077.3529,3943502.285,-119.566987,35.586395,94.53679,21.56438,242.8717597
444,3916,356165N1196185W001,806294.0889,3946680.734,-119.618487,35.616495,94.55913,26.85817,237.3895417
277,2881,356239N1196206W001,806075.5597,3947495.367,-119.620587,35.623895,95.38112,30.69493,237.3959065
447,3919,356014N1195999W001,808037.4641,3945063.231,-119.599887,35.601395,96.76836,29.34727,238.241379
833,7000,355423N1195825W001,809842.2784,3938559.531,-119.582487,35.542295,98.24121,19.19366,264.6108352
483,3957,355285N1195830W002,809850.0739,3937026.565,-119.582988,35.528495,100.1403,19.01136,259.5799624
779,6582,355285N1195830W001,809850.0739,3937026.565,-119.582988,35.528495,100.1403,19.01136,259.5799624
441,3913,356231N1196167W001,806431.9749,3947418.751,-119.616687,35.623095,101.2959,28.59359,237.3804538
445,3917,356231N1196167W002,806431.9749,3947418.751,-119.616687,35.623095,101.2959,28.59359,237.3804538
462,3934,356012N1195952W001,808464.1977,3945055.78,-119.595187,35.601195,101.3933,30.0327,237.8244499
828,6982,355944N1195814W001,809741.1496,3944344.581,-119.581388,35.594395,101.8025,26.65019,240.9912807
463,3935,355931N1195724W001,810561.9332,3944228.719,-119.572388,35.593095,104.2052,25.15952,245.0398044
464,3936,355937N1195727W001,810532.42,3944294.354,-119.572688,35.593695,105.2557,25.5363,245.6097848
731,6251,356013N1195920W001,808753.8327,3945076.926,-119.591988,35.601295,105.6982,30.32004,238.7480063
336,3264,355939N1195718W001,810613.2224,3944319.392,-119.571787,35.593895,106.1288,25.52841,247.1197586
432,3890,356535N1196231W001,805736.1138,3950772.297,-119.623087,35.653495,106.5218,30.62659,233.1454143
766,6560,356593N1196167W001,806293.588,3951435.883,-119.616687,35.659295,109.9485,41.05747,239.8134919
333,3253,356591N1196167W001,806294.353,3951413.689,-119.616687,35.659095,110.2318,40.85135,238.8737609
732,6252,355997N1195821W001,809657.2553,3944930.523,-119.582088,35.599695,113.7187,29.62384,242.1595878
565,5362,356575N1196132W001,806617.4555,3951247.065,-119.613187,35.657495,116.2428,42.20116,242.5258608
338,3266,356091N1195542W001,812149.366,3946061.938,-119.554187,35.609095,118.8758,29.99751,263.2539454
433,3891,356456N1196171W001,806309.7433,3949914.337,-119.617087,35.645595,119.8415,34.77188,236.9583081
337,3265,356014N1195663W001,811082.6745,3945169.077,-119.566288,35.601395,120.7313,28.367,268.1124102
334,3262,356086N1195814W001,809686.3501,3945920.374,-119.581388,35.608595,130.0266,33.84641,257.3427904
450,3922,356159N1195935W001,808561.7333,3946692.39,-119.593487,35.615895,131.4008,34.07484,248.2158872
435,3902,356445N1195813W001,809556.7811,3949904.571,-119.581288,35.644495,132.4613,43.50272,234.8136886
279,2883,356231N1195938W001,808506.8523,3947490.44,-119.593788,35.623095,133.3325,37.12296,250.2864909
448,3920,356305N1195991W001,807998.2124,3948294.99,-119.599087,35.630495,133.3441,38.88302,248.0973177
449,3921,356305N1195991W002,807998.2124,3948294.99,-119.599087,35.630495,133.3441,38.88302,248.0973177
280,2884,356375N1195718W001,810444.432,3949157.765,-119.571787,35.637495,134.5968,41.72959,241.3992203
768,6567,356231N1195896W001,808887.3992,3947503.641,-119.589587,35.623095,136.7058,39.41151,253.1881643
281,2885,356194N1195671W001,810940.3982,3947164.04,-119.567087,35.619395,138.2257,37.21485,254.4748769
278,2882,356308N1195900W001,808821.4979,3948356.862,-119.589988,35.630795,139.4054,43.69429,249.0420355
