Field1,site_code,X,Y,lon,lat,AmnicolaClaystone-Depth2top,AmnicolaClaystone-thickness
18936,355289N1195374W001,813985.0935,3937215.443,-119.537387,35.528895,1260.296,6.092446
21920,356911N1197178W001,797019.6387,3954653.813,-119.717787,35.691095,1377.674,57.70458
22028,356508N1196970W001,799053.0773,3950245.005,-119.696987,35.650795,1301.512,84.70034
22032,356677N1196725W001,801208.5318,3952195.296,-119.672487,35.667695,1588.326,103.0635
22036,356764N1196914W001,799464.5311,3953102.863,-119.691387,35.676395,1437.128,93.25033
22084,356383N1196802W001,800621.5782,3948909.216,-119.680187,35.638295,1392.773,61.58499
22088,356850N1196650W001,801822.4395,3954138.112,-119.664987,35.684995,1425.244,51.89361
22124,355944N1196952W001,799426.5998,3943991.929,-119.695187,35.594395,673.363,30.75897
22128,357006N1195802W001,809439.4725,3956133.581,-119.580187,35.700595,822.1823,49.18648
22152,356239N1196206W001,806075.5597,3947495.367,-119.620587,35.623895,1732.871,55.20114
22156,356308N1195900W001,808821.4979,3948356.862,-119.589988,35.630795,1788.169,62.83893
22164,356231N1195938W001,808506.8523,3947490.44,-119.593788,35.623095,1795.806,67.64878
22168,356375N1195718W001,810444.432,3949157.765,-119.571787,35.637495,1781.985,62.74871
22176,356194N1195671W001,810940.3982,3947164.04,-119.567087,35.619395,1797.599,74.58739
23216,357214N1197927W001,790129.395,3957791.792,-119.792687,35.721395,875.4709,117.9156
23220,357039N1197796W001,791378.5827,3955888.757,-119.779587,35.703895,862.1924,135.8169
23224,357175N1197611W001,793003.1594,3957453.038,-119.761087,35.717495,1384.392,188.8748
23228,357322N1197603W001,793021.642,3959086.636,-119.760287,35.732195,1439.252,141.677
23232,357333N1197253W001,796184.2986,3959313.949,-119.725287,35.733295,1622.172,74.29747
23244,357414N1196931W001,799067.3515,3960310.629,-119.693087,35.741395,1434.49,55.19642
23252,357161N1197097W001,797659.8195,3957452.574,-119.709687,35.716095,1578.737,55.12346
23256,357467N1196713W001,801019.6025,3960965.555,-119.671287,35.746695,1337.835,56.17089
23260,357422N1196538W001,802619.7791,3960520.123,-119.653787,35.742195,1307.889,53.4768
23264,357517N1196563W001,802357.6225,3961566.619,-119.656287,35.751695,1319.12,54.65651
23272,357044N1196953W001,799006.7434,3956198.075,-119.695287,35.704395,1464.063,51.14047
23276,357241N1196547W001,802606.924,3958508.781,-119.654687,35.724095,1311.172,48.49578
23516,355681N1196093W001,807312.9403,3941338.502,-119.609287,35.568095,1711.524,138.2886
23520,355586N1196113W001,807167.9099,3940278.042,-119.611288,35.558595,1618.312,154.1367
23552,355377N1196197W001,806485.8531,3937932.588,-119.619687,35.537695,1417.77,186.7453
23556,355589N1196004W001,808155.1612,3940345.423,-119.600387,35.558895,1658.169,139.3226
23560,355694N1195782W001,810127.7176,3941580.39,-119.578187,35.569395,1730.346,111.4032
23584,354775N1196360W001,805235.4802,3931201.669,-119.635987,35.477495,1570.078,95.03543
23652,355289N1195549W001,812397.5903,3937159.764,-119.554888,35.528895,1238.302,36.75631
23684,354708N1195925W001,809209.6861,3930593.753,-119.592488,35.470795,2284.413,161.1468
23688,354919N1195689W001,811270.5862,3933009.509,-119.568888,35.491895,1962.029,114.1026
23776,354414N1195825W001,810230.4918,3927362.66,-119.582487,35.441395,2798.255,207.0545
23800,354281N1195129W001,816603.2402,3926107.842,-119.512888,35.428095,2786.896,144.1894
23852,354061N1195188W001,816153.4176,3923647.554,-119.518788,35.406095,2733.345,104.2075
23856,354158N1194910W001,818640.9238,3924813.365,-119.490988,35.415795,2565.083,117.3016
23860,354089N1194639W001,821130.2257,3924135.471,-119.463887,35.408895,2231.975,101.7864
23864,354244N1194384W001,823384.9323,3925938.83,-119.438388,35.424395,1649.743,88.56908
23868,354280N1194207W001,824978.2479,3926396.492,-119.420687,35.427995,1632.041,73.44994
23880,354017N1194521W001,822230.9906,3923374.907,-119.452088,35.401695,2181.321,94.92503
23884,354350N1194070W001,826194.3768,3927218.534,-119.406987,35.434995,1598.251,60.37601
23888,354319N1194117W001,825780.0072,3926858.978,-119.411687,35.431895,1611.738,64.92369
23892,354208N1194038W001,826542.429,3925653.258,-119.403788,35.420795,1669.224,57.97574
23904,353825N1194872W001,819117.5389,3921130.252,-119.487188,35.382495,2556.408,75.47285
23908,354131N1193942W001,827445.7123,3924830.547,-119.394188,35.413095,1644.293,49.15616
23928,354344N1193584W001,830610.9681,3927313.738,-119.358388,35.434395,1450.019,25.83155
23960,354131N1193590W001,830643.658,3924947.896,-119.358987,35.413095,1480.624,25.82788
24048,354128N1193409W001,832289.306,3924975.39,-119.340887,35.412795,1374.708,27.67198
24120,353225N1193330W001,833378.7959,3914980.665,-119.332988,35.322495,981.3911,40.54214
24124,353361N1193323W001,833386.5164,3916492.325,-119.332288,35.336095,1122.862,22.25571
24128,353277N1193257W001,834021.3352,3915582.38,-119.325688,35.327695,1022.816,37.6239
24132,353222N1193263W001,833989.4266,3914969.973,-119.326288,35.322195,975.5767,39.69132
24136,353458N1193126W001,835137.8912,3917635.42,-119.312588,35.345795,1116.634,139.3652
24148,353014N1193281W001,833911.336,3912655.554,-119.328087,35.301395,795.7449,53.14313
24152,352981N1193328W001,833497.3024,3912273.481,-119.332787,35.298095,731.1981,60.80951
24156,353114N1193326W001,833460.823,3913750.158,-119.332588,35.311395,865.3124,55.83179
24160,353114N1193234W001,834297.7193,3913781.204,-119.323387,35.311395,907.0243,42.93544
24164,353075N1193323W001,833504.149,3913318.356,-119.332288,35.307495,830.1464,60.21294
24168,353214N1193252W001,834092.7738,3914884.905,-119.325187,35.321395,969.1885,39.78427
24172,353327N1193082W001,835592.2376,3916196.519,-119.308188,35.332695,1002.501,56.28241
24176,353325N1192899W001,837257.3448,3916236.581,-119.289888,35.332495,910.5517,14.16332
24180,353106N1193101W001,835510.8948,3913737.44,-119.310087,35.310595,985.4927,27.12196
24184,353075N1193184W001,834768.6523,3913365.293,-119.318388,35.307495,926.9037,36.83968
24188,353208N1193009W001,836305.4992,3914900.663,-119.300888,35.320795,958.0735,17.36938
24192,353142N1192965W001,836733.1209,3914183.168,-119.296487,35.314195,976.2836,14.67311
24196,353217N1192834W001,837893.5063,3915060.185,-119.283388,35.321695,902.3445,5.981206
24200,353480N1192730W001,838729.4955,3918014.55,-119.272987,35.347995,903.2481,69.37755
24204,353466N1192821W001,837907.8965,3917828.032,-119.282088,35.346595,934.1516,77.40082
24208,353397N1192724W001,838818.769,3917095.467,-119.272387,35.339695,871.9913,39.75851
24212,353394N1192816W001,837983.4016,3917030.684,-119.281588,35.339395,900.0803,38.73899
24216,352978N1193015W001,836346.2927,3912346.104,-119.301487,35.297795,1088.467,26.79383
24220,353069N1192965W001,836763.4318,3913373.019,-119.296487,35.306895,1024.395,20.71619
24224,353072N1192834W001,837953.9327,3913450.976,-119.283388,35.307195,963.4052,22.17322
24228,353128N1192787W001,838358.1431,3914088.527,-119.278688,35.312795,918.3236,16.45417
24232,353322N1192612W001,839868.7249,3916301.549,-119.261188,35.332195,827.2585,29.90388
24236,353253N1192651W001,839542.9434,3915522.384,-119.265088,35.325295,840.9366,23.00015
24240,353397N1192638W001,839600.8285,3917124.973,-119.263788,35.339695,846.8745,41.07547
24244,351956N1194020W001,827614.2179,3900667.658,-119.401988,35.195595,1766.26,101.8429
24248,352022N1193763W001,829928.624,3901485.244,-119.376288,35.202195,2246.605,56.63923
24252,352169N1193803W001,829504.7705,3903103.278,-119.380287,35.216895,2410.062,65.60795
24256,353128N1192612W001,839950.0724,3914148.519,-119.261188,35.312795,825.1622,27.86856
24260,353375N1192481W001,841037.8095,3916934.856,-119.248087,35.337495,792.7559,34.62777
24264,352936N1192703W001,839202.5416,3911986.466,-119.270287,35.293595,972.9063,41.08928
24268,353214N1192342W001,842369.8947,3915196.078,-119.234188,35.321395,716.275,25.81596
24272,353286N1192342W001,842339.4831,3915995.149,-119.234188,35.328595,732.7974,25.4153
24276,353508N1192078W001,844646.1332,3918550.693,-119.207787,35.350795,739.8798,15.51723
24280,353508N1192223W001,843327.6993,3918500.227,-119.222287,35.350795,763.0662,24.43593
24284,353508N1191898W001,846282.82,3918613.61,-119.189787,35.350795,721.5035,8.891099
24288,352958N1192552W001,840567.2459,3912282.476,-119.255188,35.295795,848.1845,38.16565
24292,353317N1192298W001,842726.5561,3916354.435,-119.229788,35.331695,733.034,23.85374
24296,353319N1192209W001,843535.1422,3916407.515,-119.220888,35.331895,722.4852,19.72581
24300,353433N1191901W001,846287.6107,3917780.178,-119.190088,35.343295,714.3948,8.3949
24304,353508N1191723W001,847874.0542,3918675.067,-119.172287,35.350795,711.8333,5.887392
24316,352742N1192567W001,840521.3632,3909880.132,-119.256687,35.274195,1258.833,45.48898
24320,352786N1192490W001,841203.6619,3910394.954,-119.248987,35.278595,1141.643,42.07421
24324,352786N1192476W001,841331.0712,3910399.779,-119.247587,35.278595,1137.635,41.64624
24328,352817N1192606W001,840135.0003,3910699.082,-119.260587,35.281695,1091.734,41.86451
24332,352908N1192437W001,841634.6483,3911767.202,-119.243687,35.290795,815.0959,38.2508
24336,353361N1192073W001,844754.1611,3916920.98,-119.207288,35.336095,718.0211,13.76153
24344,352236N1192724W001,839303.6413,3904210.687,-119.272387,35.223595,1486.146,64.98942
24348,352308N1192535W001,840994.6439,3905074.587,-119.253488,35.230795,1593.336,74.64928
24352,352536N1192876W001,837794.7733,3907488.145,-119.287588,35.253595,1052.744,45.28822
24356,352466N1192607W001,840272.8877,3906803.329,-119.260688,35.246595,1360.036,46.39404
24360,353075N1192271W001,843074.5114,3913678.024,-119.227087,35.307495,707.0403,29.79691
24364,353383N1191628W001,848791.7011,3917321.231,-119.162787,35.338295,705.3644,5.018009
24368,353286N1191545W001,849588.3753,3916273.986,-119.154488,35.328595,704.2119,4.912177
24380,352019N1192356W001,842746.3227,3901928.96,-119.235587,35.201895,1714.091,7.365973
24404,351919N1192363W001,842724.6384,3900816.735,-119.236288,35.191895,1634.183,41.92212
25208,356455N1197003W001,798773.9524,3949646.829,-119.700287,35.645495,1224.809,73.93121
25212,357181N1196074W001,806910.1754,3957990.069,-119.607387,35.718095,1469.802,36.78276
25256,357033N1196184W001,805971.3433,3956313.298,-119.618387,35.703295,1484.599,34.83921
25300,356175N1196597W001,802557.0837,3946664.026,-119.659687,35.617495,1497.215,33.89917
25376,355866N1196545W001,803144.9495,3943251.123,-119.654487,35.586595,1361.099,64.51931
25380,356591N1196167W001,806294.353,3951413.689,-119.616687,35.659095,1695.853,42.2121
25412,355619N1196342W001,805078.8469,3940572.976,-119.634187,35.561895,1515.36,165.5105
25460,355744N1196318W001,805248.9791,3941967.535,-119.631788,35.574395,1579.11,124.7942
25464,356086N1195814W001,809686.3501,3945920.374,-119.581388,35.608595,1818.602,83.24599
25496,355803N1195896W001,809052.1726,3942754.081,-119.589587,35.580295,1826.345,113.4833
25500,355939N1195718W001,810613.2224,3944319.392,-119.571787,35.593895,1808.645,94.59618
25504,356014N1195663W001,811082.6745,3945169.077,-119.566288,35.601395,1801.161,87.55762
25508,356091N1195542W001,812149.366,3946061.938,-119.554187,35.609095,1781.856,80.52496
25524,355283N1196000W001,808308.7104,3936950.996,-119.599987,35.528295,1380.574,124.1425
25528,355694N1195814W001,809837.5812,3941570.304,-119.581388,35.569395,1751.677,114.5434
25532,355861N1195675W001,811033.1906,3943467.411,-119.567487,35.586095,1777.714,97.10206
25536,355864N1195833W001,809599.7824,3943450.826,-119.583287,35.586395,1826.736,105.1106
25544,354416N1195328W001,814743.1162,3927542.287,-119.532787,35.441595,2955.122,202.2014
25600,354131N1194298W001,824211.4679,3924713.029,-119.429788,35.413095,1796.52,82.3578
25708,353689N1194430W001,823188.8529,3919764.691,-119.442988,35.368895,2365.872,95.35838
25712,353711N1194041W001,826715.9437,3920136.766,-119.404088,35.371095,2020.767,80.29871
25716,353989N1193863W001,828221.0909,3923280.916,-119.386287,35.398895,1564.335,42.87999
25760,353656N1194342W001,824001.9692,3919427.294,-119.434187,35.365595,2337.523,97.66742
25764,353577N1194177W001,825533.6278,3918604.816,-119.417687,35.357695,2260.89,101.4792
25768,353547N1194085W001,826382.1101,3918302.231,-119.408488,35.354695,2155.509,90.34145
25772,353986N1193624W001,830394.0341,3923327.336,-119.362387,35.398595,1527.084,25.14346
25776,354117N1193587W001,830676.6428,3924793.532,-119.358688,35.411695,1481.408,25.67767
25796,353694N1193366W001,832858.5717,3920173.407,-119.336587,35.369395,1277.01,31.1809
25800,353919N1193449W001,832011.7336,3922642.483,-119.344887,35.391895,1436.945,28.53431
25804,353839N1193503W001,831553.8008,3921736.518,-119.350287,35.383895,1470.911,25.46958
25808,353847N1193452W001,832014.0286,3921842.432,-119.345187,35.384695,1424.686,28.97632
25812,353767N1193415W001,832383.168,3920967.051,-119.341487,35.376695,1336.7,32.53368
25816,354061N1193446W001,831980.6769,3924219.384,-119.344588,35.406095,1411.854,27.43973
25820,353919N1193510W001,831457.3924,3922621.991,-119.350988,35.391895,1490.803,24.66505
25824,354261N1193234W001,833824.2567,3926510.475,-119.323387,35.426095,1226.206,28.27605
25828,354383N1193315W001,833038.1445,3927837.045,-119.331487,35.438295,1255.707,22.79114
25832,353256N1193498W001,831838.0782,3915268.203,-119.349788,35.325595,1081.468,36.52305
25836,353844N1193237W001,833969.277,3921881.627,-119.323688,35.384395,1260.597,64.46491
25840,353767N1193142W001,834864.5583,3921059.252,-119.314188,35.376695,1199.651,97.43244
25844,354206N1193092W001,835136.9791,3925948.223,-119.309187,35.420595,1152.44,39.31363
25848,354214N1192962W001,836314.6295,3926081.238,-119.296188,35.421395,1095.795,46.17978
25852,354308N1192856W001,837238.3206,3927160.641,-119.285588,35.430795,1064.459,44.82927
25892,353189N1193441W001,832383.9638,3914543.792,-119.344088,35.318895,950.0284,50.31995
25896,353764N1192962W001,836501.9013,3921087.126,-119.296188,35.376395,1104.928,125.029
25900,353653N1193056W001,835693.5356,3919823.272,-119.305588,35.365295,1145.045,142.9808
25904,354167N1192787W001,837924.0676,3925619.415,-119.278688,35.416695,1047.981,58.89645
25908,354197N1192510W001,840427.9805,3926047.572,-119.250987,35.419695,822.1823,49.18648
25968,353130N1193688W001,830161.3325,3913806.322,-119.368787,35.312995,918.3638,63.65345
25972,353586N1192799W001,838057.8376,3919167.32,-119.279888,35.358595,976.1265,112.9739
25976,353758N1192562W001,840140.2441,3921157.537,-119.256187,35.375795,918.9035,75.01549
25980,354094N1192463W001,840898.4253,3924920.678,-119.246287,35.409395,950.9911,58.72231
25984,354122N1192567W001,839941.7097,3925195.556,-119.256687,35.412195,984.702,61.9599
26040,352091N1194029W001,827477.941,3902162.832,-119.402888,35.209095,2421.334,77.93783
26044,353511N1192543W001,840416.8166,3918422.835,-119.254288,35.351095,849.1299,55.64292
26048,353800N1192188W001,843521.9747,3921753.099,-119.218788,35.379995,818.7614,32.91537
26052,353783N1192266W001,842820.2118,3921537.326,-119.226587,35.378295,832.4196,38.20926
26056,353872N1192387W001,841682.7834,3922483.14,-119.238687,35.387195,884.2563,51.71538
26116,353475N1192440W001,841368.5189,3918058.824,-119.243988,35.347495,807.433,41.06544
26120,353697N1191955W001,845683.8096,3920691.253,-119.195487,35.369695,752.8937,15.1816
26160,353205N1192374W001,842082.6241,3915085.122,-119.237387,35.320495,721.2899,26.91703
26164,353489N1192357W001,842117.318,3918242.895,-119.235687,35.348895,788.5724,34.60013
26168,353558N1192152W001,843952.0352,3919079.829,-119.215187,35.355795,760.0399,21.04136
26232,351333N1193521W001,832413.7428,3893919.781,-119.352087,35.133295,291.2822,93.03972
26348,351952N1192291W001,843366.6795,3901207.865,-119.229088,35.195195,1669.478,15.12915
26356,352039N1192220W001,843976.7453,3902197.997,-119.221988,35.203895,822.1823,49.18648
26408,351561N1192407W001,842474.1665,3896828.454,-119.240688,35.156095,2443.498,40.36783
26412,351750N1192368W001,842750.1699,3898939.438,-119.236788,35.174995,1967.939,40.6025
26468,351233N1192267W001,843888.376,3893236.663,-119.226688,35.123295,2444.181,39.43066
26472,351339N1192256W001,843944.0187,3894416.862,-119.225588,35.133895,2461.87,39.35822
28624,357686N1197260W001,795990.0419,3963228.999,-119.725987,35.768595,1588.313,55.69255
28632,357171N1197624W001,792886.9826,3957404.766,-119.762387,35.717095,1362.919,190.2589
28636,357321N1197439W001,794505.848,3959124.714,-119.743887,35.732095,1583.643,114.5922
28640,357317N1197618W001,792887.7588,3959026.667,-119.761787,35.731695,1420.331,144.1697
28648,356901N1197622W001,793003.9956,3954409.281,-119.762187,35.690095,964.1731,147.9801
28652,357028N1197441W001,794595.7309,3955872.785,-119.744087,35.702795,1430.466,156.2522
28656,357028N1197441W002,794595.7309,3955872.785,-119.744087,35.702795,1430.466,156.2522
28660,357320N1196997W001,798505.3878,3959247.391,-119.699687,35.731995,1479.969,55.82386
28664,357394N1196914W001,799228.6435,3960093.884,-119.691387,35.739395,1420.842,56.02422
28676,356879N1197266W001,796234.8635,3954272.101,-119.726587,35.687895,1216.5,72.999
28688,356001N1197626W001,793296.9874,3944421.212,-119.762587,35.600095,378.6896,2.535848
28692,356441N1197131W002,797619.7588,3949452.595,-119.713087,35.644095,1102.439,64.13545
28696,357021N1196789W001,800499.7728,3955992.992,-119.678887,35.702095,1378.735,48.96801
28700,357180N1196615W001,802014.6476,3957810.885,-119.661487,35.717995,1315.318,47.77564
28708,357030N1196174W002,806063.0063,3956283.129,-119.617387,35.702995,1489.254,34.88902
28712,357030N1195991W001,807719.4356,3956340.42,-119.599087,35.702995,1544.034,36.68325
28720,356139N1196524W001,803232.1507,3946287.046,-119.652387,35.613895,1544.653,39.55851
28724,356739N1196231W001,805658.2331,3953036.096,-119.623087,35.673895,1627.765,38.07807
28732,355870N1196541W001,803179.6977,3943296.744,-119.654087,35.586995,1368.317,64.59064
28736,356535N1196231W001,805736.1138,3950772.297,-119.623087,35.653495,1700.535,43.63359
28740,356456N1196171W001,806309.7433,3949914.337,-119.617087,35.645595,1725.428,45.96861
28748,355659N1196328W001,805190.6016,3941021.195,-119.632788,35.565895,1541.772,150.6242
28752,355867N1196435W001,804141.677,3943296.196,-119.643487,35.586695,1496.934,81.46162
28756,355903N1196399W001,804454.3532,3943706.828,-119.639887,35.590295,1546.679,79.70316
28760,355903N1196399W003,804454.3532,3943706.828,-119.639887,35.590295,1546.679,79.70316
28764,355903N1196399W004,804454.3532,3943706.828,-119.639887,35.590295,1546.679,79.70316
28768,355889N1196407W001,804387.1467,3943548.994,-119.640687,35.588895,1533.888,81.21906
28772,356056N1196391W001,804468.8275,3945407.134,-119.639087,35.605595,1610.359,58.18847
28776,356056N1196416W002,804242.2655,3945399.39,-119.641587,35.605595,1591.889,55.72026
28780,356158N1196237W001,805825.5701,3946586.854,-119.623687,35.615795,1718.402,60.06699
28784,356445N1195813W001,809556.7811,3949904.571,-119.581288,35.644495,1770.229,57.06621
28788,355436N1196316W001,805384.0987,3938550.312,-119.631587,35.543595,1416.85,226.2685
28792,355580N1196240W001,806018.5749,3940171.879,-119.623987,35.557995,1553.188,172.7469
28796,355578N1196277W001,805683.8228,3940138.181,-119.627687,35.557795,1531.769,177.8297
28800,355595N1196300W001,805468.8004,3940319.684,-119.629987,35.559495,1529.035,173.9182
28804,355756N1196335W001,805090.2994,3942095.422,-119.633487,35.575595,1567.606,119.9867
28808,355852N1196262W001,805715.5691,3943183.402,-119.626187,35.585195,1656.211,103.7767
28812,355911N1196357W001,804832.0131,3943808.62,-119.635687,35.591095,1589.037,83.23634
28816,355981N1196393W001,804479.1542,3944574.245,-119.639287,35.598095,1580.853,67.7373
28820,355981N1196393W002,804479.1542,3944574.245,-119.639287,35.598095,1580.853,67.7373
28824,356161N1196188W001,806268.4322,3946635.41,-119.618787,35.616095,1739.266,62.90057
28828,356231N1196167W001,806431.9749,3947418.751,-119.616687,35.623095,1746.229,57.87811
28832,356144N1196177W001,806374.5999,3946450.191,-119.617687,35.614395,1743.471,65.31156
28836,356089N1196210W001,806096.5526,3945829.57,-119.620987,35.608895,1726.382,69.39799
28840,356165N1196185W001,806294.0889,3946680.734,-119.618487,35.616495,1740.508,62.68896
28844,356231N1196167W002,806431.9749,3947418.751,-119.616687,35.623095,1746.229,57.87811
28848,356146N1196176W001,806382.8975,3946472.697,-119.617587,35.614595,1743.897,65.1618
28852,356014N1195999W001,808037.4641,3945063.231,-119.599887,35.601395,1810.276,89.29911
28856,356305N1195991W001,807998.2124,3948294.99,-119.599087,35.630495,1779.431,60.06948
28860,356305N1195991W002,807998.2124,3948294.99,-119.599087,35.630495,1779.431,60.06948
28864,356159N1195935W001,808561.7333,3946692.39,-119.593487,35.615895,1805.454,74.34544
28876,355435N1196199W001,806445.6158,3938575.586,-119.619888,35.543495,1455.075,188.9221
28880,355489N1196188W001,806524.7985,3939178.246,-119.618787,35.548895,1501.112,181.4875
28884,355431N1196193W001,806501.5575,3938533.067,-119.619287,35.543095,1453.41,187.2433
28888,355578N1196182W002,806545.2772,3940167.743,-119.618188,35.557795,1580.644,165.2494
28892,355816N1196185W001,806427.2973,3942807.884,-119.618488,35.581595,1707.277,115.155
28896,355953N1196177W001,806447.5296,3944330.664,-119.617687,35.595295,1733.729,91.05763
28900,355865N1196036W001,807759.2461,3943398.18,-119.603588,35.586495,1801.974,109.2789
28904,355818N1195997W002,808130.8044,3942888.835,-119.599688,35.581795,1812.665,115.351
28908,355939N1196002W001,808039.0558,3944230.011,-119.600188,35.593895,1814.155,99.17686
28912,356012N1195952W001,808464.1977,3945055.78,-119.595187,35.601195,1820.071,90.39442
28916,355931N1195724W001,810561.9332,3944228.719,-119.572388,35.593095,1809.316,95.39845
28920,355937N1195727W001,810532.42,3944294.354,-119.572688,35.593695,1810.711,95.06881
28928,354986N1196460W001,804248.1226,3933512.164,-119.645988,35.498595,1294.777,88.3882
28932,355211N1196316W001,805469.5044,3936053.518,-119.631587,35.521095,1368.68,170.3066
28936,355288N1196206W001,806438.1153,3936942.161,-119.620587,35.528795,1383.708,174.919
28940,355287N1196097W001,807427.263,3936965.048,-119.609688,35.528695,1389.054,145.4859
28944,355287N1196088W001,807508.9045,3936967.859,-119.608788,35.528695,1388.902,143.2832
28948,355428N1196027W001,808008.2666,3938551.605,-119.602688,35.542795,1460.213,145.1792
28952,355730N1195996W001,808173.6286,3941912.61,-119.599587,35.572995,1791.486,126.0565
28956,355730N1195996W002,808173.6286,3941912.61,-119.599587,35.572995,1791.486,126.0565
28960,355719N1195968W001,808431.7077,3941799.321,-119.596788,35.571895,1798.038,125.4569
28964,355589N1196004W002,808155.1612,3940345.423,-119.600387,35.558895,1658.169,139.3226
28968,355768N1195997W001,808149.9859,3942333.983,-119.599688,35.576795,1803.44,121.6571
28972,355650N1195802W003,809963.3542,3941085.813,-119.580187,35.564995,1696.11,114.3636
28976,355864N1195670W001,811077.3529,3943502.285,-119.566987,35.586395,1776.857,96.67573
28980,355861N1195704W001,810770.3084,3943458.239,-119.570387,35.586095,1788.683,98.8165
28984,355772N1195552W001,812182.7699,3942518.748,-119.555188,35.577195,1673.328,88.32471
28992,354992N1196160W001,806968.2194,3933671.807,-119.615988,35.499195,1518.92,105.8103
28996,355144N1196210W001,806456.6482,3935342.964,-119.620987,35.514395,1393.997,140.7858
29000,355140N1196165W001,806866.4515,3935312.589,-119.616488,35.513995,1408.417,131.4703
29004,355285N1195830W002,809850.0739,3937026.565,-119.582988,35.528495,1325.929,102.1646
29008,355563N1195827W001,809770.2008,3940112.491,-119.582688,35.556295,1579.346,117.9623
29012,355572N1195627W001,811580.3652,3940275.528,-119.562687,35.557195,1457.021,90.22857
29024,354852N1195976W001,808691.5756,3932175.726,-119.597588,35.485195,1915.033,86.57394
29028,355000N1196050W001,807963.3678,3933794.914,-119.604987,35.499995,1595.581,86.58324
29032,355000N1196050W002,807963.3678,3933794.914,-119.604987,35.499995,1595.581,86.58324
29036,355031N1195831W001,809938.7695,3934207.606,-119.583088,35.503095,1648.794,86.51882
29040,354994N1195849W001,809789.6621,3933791.354,-119.584887,35.499395,1720.019,86.92931
29044,355578N1195360W001,813999.2401,3940427.011,-119.535988,35.557795,1422.813,43.78834
29056,354560N1196195W001,806814.9579,3928867.072,-119.619488,35.455995,2024.56,165.2283
29060,354872N1195629W002,811833.3066,3932506.918,-119.562888,35.487195,2108.006,132.4701
29064,355019N1195677W001,811340.8458,3934123.007,-119.567688,35.501895,1705.394,93.7017
29068,354872N1195629W001,811833.3066,3932506.918,-119.562888,35.487195,2108.006,132.4701
29072,355139N1195643W001,811602.9415,3935465.409,-119.564288,35.513895,1440.033,77.93114
29080,354561N1195794W001,810455.4599,3929003.666,-119.579387,35.456095,2745.632,226.2288
29092,354571N1195684W001,811450.3543,3929149.322,-119.568388,35.457095,2806.319,229.2202
29104,354275N1194124W001,825734.1751,3926368.373,-119.412387,35.427495,1637.461,65.82188
29108,354205N1194040W001,826525.4734,3925619.303,-119.403987,35.420495,1671.349,58.18529
29112,353838N1194215W001,825083.3075,3921488.751,-119.421487,35.383795,2091.019,84.6585
29116,353837N1193955W001,827446.6631,3921563.535,-119.395488,35.383695,1749.211,59.97975
29120,353985N1193983W001,827132.3147,3923196.701,-119.398287,35.398495,1625.526,55.53384
29124,353332N1193614W001,830752.0417,3916072.771,-119.361388,35.333195,1302.332,23.626
29128,353227N1193243W001,834169.2753,3915032.217,-119.324287,35.322695,979.5,39.07652
29132,352296N1193432W001,832831.5926,3904636.572,-119.343187,35.229595,1027.4,46.58446
29136,352296N1193432W003,832831.5926,3904636.572,-119.343187,35.229595,1027.4,46.58446
29140,352274N1193482W001,832385.2892,3904375.651,-119.348187,35.227395,1135.642,52.35748
29144,352249N1193536W002,831903.76,3904080.121,-119.353588,35.224895,1289.681,57.96439
29148,353247N1192534W001,840609.6228,3915496.026,-119.253388,35.324695,790.1952,28.28044
29152,353251N1192366W001,842135.9758,3915598.407,-119.236587,35.325095,729.074,26.15984
29156,353542N1192173W001,843767.8952,3918894.949,-119.217287,35.354195,760.6322,21.96282
29160,351953N1193551W001,831887.8163,3900790.218,-119.355087,35.195295,1710.295,65.66883
29164,351953N1193551W002,831887.8163,3900790.218,-119.355087,35.195295,1710.295,65.66883
29168,351953N1193550W002,831896.9259,3900790.552,-119.354987,35.195295,1709.929,65.60606
29172,351520N1193323W001,834142.2681,3896061.441,-119.332288,35.151995,688.0386,90.29927
29176,351522N1193070W001,836447.4463,3896169.037,-119.306988,35.152195,1331.818,77.62305
29192,351366N1192605W001,840750.9374,3894596.264,-119.260488,35.136595,2208.401,54.85612
29196,351898N1192361W001,842751.6955,3900584.367,-119.236087,35.189795,1643.403,44.00408
29200,351399N1192429W002,842341.6171,3895022.996,-119.242888,35.139895,2448.754,43.11077
29204,351373N1192354W001,843036.2656,3894760.316,-119.235388,35.137295,2464.75,40.94606
37352,356461N1197213W001,796869.6029,3949649.702,-119.721287,35.646095,1069.4,60.77882
37376,356575N1196132W001,806617.4555,3951247.065,-119.613187,35.657495,1705.568,42.968
37416,355511N1196072W001,807568.3848,3939458.578,-119.607187,35.551095,1548.316,154.3048
37432,355650N1195802W001,809963.3542,3941085.813,-119.580187,35.564995,1696.11,114.3636
37484,355289N1195466W001,813150.5192,3937186.137,-119.546588,35.528895,1251.548,15.16694
40180,357319N1197895W001,790380.7973,3958966.406,-119.789487,35.731895,1047.871,125.4213
40188,357030N1197561W001,793508.8609,3955858.986,-119.756087,35.702995,1310.092,195.5526
40192,357033N1197256W001,796268.3461,3955984.017,-119.725587,35.703295,1601.387,63.38344
40204,356672N1196906W001,799571.3906,3952084.398,-119.690587,35.667195,1456.865,107.0418
40208,357236N1196241W001,805377.8404,3958548.235,-119.624087,35.723595,1394.897,39.54057
40212,357181N1195985W001,807715.61,3958017.981,-119.598487,35.718095,822.1823,49.18648
40308,356139N1196178W001,806367.4478,3946394.394,-119.617787,35.613895,1742.992,65.78034
40340,355669N1196200W001,806347.3673,3941171.957,-119.619987,35.566895,1636.786,146.7236
40428,354875N1195822W001,810080.4693,3932479.305,-119.582188,35.487495,2006.601,109.0523
40476,354405N1195606W001,812222.7668,3927331.878,-119.560587,35.440495,2979.073,229.1215
40480,354411N1195367W001,814390.8909,3927474.365,-119.536687,35.441095,2965.07,208.1634
40536,354239N1194384W001,823386.9341,3925883.342,-119.438388,35.423895,1654.581,88.60583
40588,354277N1193977W001,827068.6182,3926439.197,-119.397688,35.427695,1619.089,51.8189
40616,353842N1194585W001,821719.094,3921412,-119.458488,35.384195,2408.544,90.88093
40620,354203N1193942W001,827416.5321,3925629.578,-119.394188,35.420295,1634.658,48.84582
40652,353744N1194997W001,818013.3547,3920191.072,-119.499687,35.374395,2543.228,56.21274
40684,353536N1194610W001,821613.4589,3918008.079,-119.460988,35.353595,2139.223,84.6207
40688,353522N1194385W001,823664.6507,3917926.152,-119.438487,35.352195,2230.979,92.81738
40692,354131N1193501W001,831452.236,3924977.748,-119.350088,35.413095,1433.546,25.41537
40696,354378N1193409W001,832186.46,3927749.858,-119.340887,35.437795,1098.018,34.64879
40720,353481N1193595W001,830863.9741,3917732.686,-119.359488,35.348095,1390.922,9.591506
40740,353319N1193623W001,830675.4989,3915925.492,-119.362287,35.331895,1293.341,26.50159
40744,353258N1193441W001,832355.6752,3915309.537,-119.344088,35.325795,1053.581,35.22962
40748,353275N1193346W001,833212.7153,3915530.163,-119.334587,35.327495,1041.103,33.06648
40752,353403N1193234W001,834178.5512,3916988.478,-119.323387,35.340295,1126.525,43.72223
40756,353367N1193162W001,834848.1595,3916613.314,-119.316187,35.336695,1066.571,66.47785
40792,353211N1194241W001,825098.6106,3914522.093,-119.424087,35.321095,1259.077,51.54392
40796,353192N1193592W001,831009.2772,3914526.455,-119.359188,35.319195,1019.71,52.93902
40800,353106N1193415W001,832654.5009,3913631.418,-119.341487,35.310595,833.4027,68.16557
40804,353408N1192905W001,837168.2366,3917155.668,-119.290487,35.340795,946.0522,62.71403
40808,353394N1192902W001,837201.3444,3917001.319,-119.290188,35.339395,937.3705,52.38677
40812,353325N1192988W001,836447.94,3916206.264,-119.298788,35.332495,954.9116,37.63674
40840,353217N1192742W001,838730.3113,3915091.652,-119.274187,35.321695,875.8187,13.542
40844,353433N1192745W001,838612.7528,3917487.802,-119.274488,35.343295,890.3279,53.06811
40880,352203N1194142W001,826403.8314,3903368.489,-119.414187,35.220295,2315.848,60.27747
40884,352144N1193890W001,828722.5465,3902796.972,-119.388987,35.214395,2586.03,66.83337
40888,353128N1192787W002,838358.1431,3914088.527,-119.278688,35.312795,918.3236,16.45417
40892,353958N1192278W001,842636.9808,3923475.364,-119.227788,35.395795,875.6414,45.63106
40916,353142N1192612W001,839944.2033,3914303.892,-119.261188,35.314195,824.5706,27.50801
40920,353147N1192478W001,841161.0486,3914405.512,-119.247788,35.314695,751.0167,29.88873
40924,353361N1192526W001,840634.4645,3916763.969,-119.252588,35.336095,803.8362,34.74245
40928,353375N1192410W001,841683.4867,3916959.369,-119.240988,35.337495,772.353,31.28617
40944,353069N1192592W001,840156.7531,3913500.606,-119.259187,35.306895,818.6111,31.3318
40964,352761N1192853W001,837910.5482,3909993.023,-119.285287,35.276095,1004.867,36.52982
40968,353583N1191688W001,848160.0473,3919519.781,-119.168787,35.358295,714.131,6.032083
40988,352650N1192896W001,837565.3432,3908746.49,-119.289587,35.264995,1193.845,31.01884
40992,353033N1192348W001,842391.7348,3913185.229,-119.234787,35.303295,729.875,34.4584
41012,351375N1193223W001,835113.2692,3894485.967,-119.322288,35.137495,690.3849,100.1157
41028,352347N1192413W001,842089.1767,3905549.447,-119.241287,35.234695,1703.396,39.14518
41064,351375N1192351W001,843062.7747,3894783.548,-119.235088,35.137495,2465.632,40.87172
42632,357461N1198046W001,788963.2129,3960497.461,-119.804587,35.746095,822.1823,49.18648
42640,357316N1197866W001,790644.2726,3958941.716,-119.786587,35.731595,1082.122,129.2946
42644,357686N1197265W001,795944.8232,3963227.487,-119.726487,35.768595,1588.898,55.97496
42652,357361N1197591W001,793115.9033,3959522.995,-119.759087,35.736095,1461.121,130.3507
42656,357321N1197439W002,794505.848,3959124.714,-119.743887,35.732095,1583.643,114.5922
42660,357027N1197606W001,793102.6616,3955812.234,-119.760587,35.702695,1240.967,196.5146
42664,357047N1197289W001,795964.4766,3956129.404,-119.728887,35.704695,1602.617,76.14664
42668,357028N1197352W001,795401.2844,3955899.565,-119.735187,35.702795,1525.092,105.8218
42672,357533N1196729W001,800849.9844,3961693.038,-119.672887,35.753295,1357.818,54.81819
42704,357252N1196859W001,799779.5257,3958534.939,-119.685887,35.725195,1381.963,57.04553
42724,356451N1196995W001,798847.9064,3949604.877,-119.699487,35.645095,1229.619,73.67465
42728,357021N1196789W002,800499.7728,3955992.992,-119.678887,35.702095,1378.735,48.96801
42744,356306N1196911W001,799662.9684,3948021.447,-119.691087,35.630595,1186.938,48.89408
42760,357030N1196174W001,806063.0063,3956283.129,-119.617387,35.702995,1489.254,34.88902
42780,356172N1196612W001,802422.2988,3946626.116,-119.661187,35.617195,1480.609,32.82401
42784,356741N1196234W001,805630.305,3953057.355,-119.623387,35.674095,1626.26,38.02777
42796,355872N1196510W001,803459.9428,3943328.503,-119.650987,35.587195,1410.2,69.19009
42800,356061N1196499W001,803488.1904,3945429.208,-119.649887,35.606095,1525.713,46.71989
42804,356739N1195811W001,809461.2693,3953167.779,-119.581087,35.673895,1695.122,45.29235
42832,355908N1196399W001,804452.4573,3943762.312,-119.639887,35.590795,1548.406,78.81459
42836,355903N1196399W002,804454.3532,3943706.828,-119.639887,35.590295,1546.679,79.70316
42840,356056N1196404W001,804351.0152,3945403.106,-119.640387,35.605595,1600.86,56.91269
42844,356056N1196416W001,804242.2655,3945399.39,-119.641587,35.605595,1591.889,55.72026
42848,356056N1196416W003,804242.2655,3945399.39,-119.641587,35.605595,1591.889,55.72026
42852,356044N1196296W001,805334.3303,3945303.448,-119.629587,35.604395,1671.522,68.44997
42856,356157N1196317W001,805101.0417,3946550.881,-119.631687,35.615695,1680.331,54.61999
42884,355875N1196288W001,805471.1344,3943430.55,-119.628787,35.587495,1639.959,97.04379
42888,356101N1196181W001,806354.7734,3945971.772,-119.618087,35.610095,1740.761,69.88271
42904,355578N1196182W001,806545.2772,3940167.743,-119.618188,35.557795,1580.644,165.2494
42908,355580N1196188W001,806490.1069,3940188.067,-119.618787,35.557995,1579.468,165.6963
42912,355673N1196204W001,806309.5749,3941215.099,-119.620388,35.567295,1636.458,145.9538
42916,355875N1196224W001,806051.2669,3943450.456,-119.622388,35.587495,1690.766,101.8479
42920,356013N1195920W001,808753.8327,3945076.926,-119.591988,35.601295,1824.146,90.59555
42924,355997N1195821W001,809657.2553,3944930.523,-119.582088,35.599695,1826.626,92.05727
42928,355288N1196206W002,806438.1153,3936942.161,-119.620587,35.528795,1383.708,174.919
42932,355282N1196003W001,808281.8795,3936938.959,-119.600287,35.528195,1381.035,124.5229
42936,355865N1195682W001,810968.1872,3943509.585,-119.568187,35.586495,1781.746,97.34046
42940,355866N1195834W001,809589.9465,3943472.705,-119.583388,35.586595,1827.112,104.9747
42948,354853N1196243W001,806267.8541,3932103.516,-119.624287,35.485295,1587.597,110.9654
42952,355140N1196164W001,806875.5244,3935312.901,-119.616388,35.513995,1408.719,131.2659
42956,355530N1195827W002,809782.9164,3939746.288,-119.582688,35.552995,1525.034,117.7693
42960,354852N1195978W001,808673.4231,3932175.099,-119.597787,35.485195,1913.349,86.26812
42964,354852N1195976W002,808691.5756,3932175.726,-119.597588,35.485195,1915.033,86.57394
42968,355003N1195827W001,809985.8415,3933898.148,-119.582688,35.500295,1709,88.00558
42972,355031N1195830W001,809947.8438,3934207.92,-119.582988,35.503095,1649.049,86.56247
42976,355139N1195849W001,809733.8923,3935400.42,-119.584887,35.513895,1457.327,89.49859
42984,354559N1195974W001,808821.908,3928924.955,-119.597387,35.455895,2462.708,207.167
42988,354561N1195946W001,809075.369,3928955.921,-119.594588,35.456095,2517.926,210.2576
43004,354415N1195831W001,810175.6203,3927371.87,-119.583088,35.441495,2789.504,206.2652
43020,354135N1194484W001,822520.0859,3924696.484,-119.448387,35.413495,1911.345,95.46111
43024,354125N1194378W001,823487.079,3924620.197,-119.437787,35.412495,1843.797,88.45213
43028,354276N1194210W001,824952.6076,3926351.113,-119.420987,35.427595,1634.672,73.74859
43048,353972N1194199W001,825174.8349,3922981.085,-119.419888,35.397195,1907.431,76.85105
43052,353696N1193867W001,828303.6447,3920027.978,-119.386687,35.369595,1755.91,56.62758
43056,354061N1193765W001,829082.2697,3924112.572,-119.376487,35.406095,1543.507,33.61145
43060,353986N1193621W001,830421.2943,3923328.34,-119.362088,35.398595,1526.212,25.05036
43064,354092N1193501W001,831468.2339,3924544.933,-119.350088,35.409195,1440.889,25.54641
43068,353331N1193775W001,829288.2973,3916007.946,-119.377488,35.333095,1494.05,26.9787
43076,353034N1193243W001,834248.8134,3912890.338,-119.324287,35.303395,847.2125,46.04076
43080,353245N1192886W001,837408.8762,3915353.177,-119.288588,35.324495,910.6388,4.773591
43084,353360N1192531W001,840589.414,3916751.148,-119.253088,35.335995,805.2756,34.73989
43088,353466N1192534W001,840517.57,3917926.518,-119.253388,35.346595,833.2863,48.35868
43092,352296N1193432W002,832831.5926,3904636.572,-119.343187,35.229595,1027.4,46.58446
43096,352296N1193432W004,832831.5926,3904636.572,-119.343187,35.229595,1027.4,46.58446
43100,352249N1193536W001,831903.76,3904080.121,-119.353588,35.224895,1289.681,57.96439
43104,353397N1192342W001,842292.5878,3917227.051,-119.234188,35.339695,761.7945,28.46891
43108,353514N1192046W001,844934.5429,3918628.446,-119.204588,35.351395,736.8002,14.1232
43112,351953N1193550W001,831896.9259,3900790.552,-119.354987,35.195295,1709.929,65.60606
43116,352024N1193567W001,831713.1426,3901572.794,-119.356688,35.202395,1849.182,61.04499
43120,353033N1192301W001,842819.338,3913201.501,-119.230087,35.303295,718.9601,33.09361
43124,353372N1192010W001,845322.4159,3917065.048,-119.200987,35.337195,715.0186,11.42553
43132,353286N1191637W001,848751.6034,3916241.5,-119.163687,35.328595,703.5847,5.272278
43144,352108N1192338W001,842872.8049,3902922.91,-119.233788,35.210795,1739.523,19.18628
43176,351371N1192603W001,840767.0831,3894652.439,-119.260288,35.137095,2210.184,54.57219
43204,351366N1192346W001,843112.1409,3894685.393,-119.234588,35.136595,2464.13,40.76902
43208,351519N1192366W001,842865.5131,3896376.484,-119.236588,35.151895,2467.234,40.26005
44540,357317N1197832W001,790951.5324,3958962.904,-119.783187,35.731695,1129.033,133.558
44544,357617N1197146W001,797046.718,3962497.85,-119.714587,35.761695,1565.846,52.11195
44576,356448N1197084W001,798042.8769,3949544.531,-119.708387,35.644795,1143.252,68.07767
44580,357189N1196621W001,801956.949,3957908.909,-119.662087,35.718895,1313.703,48.59729
44584,357181N1196166W001,806077.5938,3957961.294,-119.616587,35.718095,1437.794,37.33856
44612,356022N1196952W001,799397.5064,3944857.473,-119.695187,35.602195,743.2654,28.50512
44632,356593N1196167W001,806293.588,3951435.883,-119.616687,35.659295,1695.255,42.15864
44636,355656N1196335W001,805128.2717,3940985.732,-119.633488,35.565595,1535.513,151.3738
44640,355797N1196399W001,804494.5412,3942530.557,-119.639887,35.579695,1516.29,101.5209
44656,355756N1196335W002,805090.2994,3942095.422,-119.633487,35.575595,1567.606,119.9867
44660,356097N1196181W001,806356.3008,3945927.384,-119.618087,35.609695,1740.622,70.36102
44664,356231N1195896W001,808887.3992,3947503.641,-119.589587,35.623095,1799.226,68.81628
44668,355356N1196271W001,805822.6401,3937676.535,-119.627088,35.535595,1394.016,207.2534
44672,355756N1196225W001,806087.5497,3942129.607,-119.622488,35.575595,1659.276,126.6148
44676,355865N1195985W001,808221.5488,3943414.158,-119.598488,35.586495,1819.658,109.0551
44680,355865N1195985W002,808221.5488,3943414.158,-119.598488,35.586495,1819.658,109.0551
44684,355865N1195985W003,808221.5488,3943414.158,-119.598488,35.586495,1819.658,109.0551
44688,355865N1195865W001,809309.323,3943451.849,-119.586488,35.586495,1830.951,106.243
44692,355818N1195997W001,808130.8044,3942888.835,-119.599688,35.581795,1812.665,115.351
44696,355217N1196254W001,806029.692,3936139.352,-119.625388,35.521695,1373.998,166.8555
44700,355283N1196191W001,806576.0885,3936891.347,-119.619088,35.528295,1384.171,169.75
44704,355708N1195638W001,811427.9084,3941781.257,-119.563788,35.570795,1655.221,95.57436
44720,354853N1196185W001,806794.2704,3932121.557,-119.618488,35.485295,1662.084,100.8695
44724,355139N1195996W001,808400.1613,3935354.285,-119.599587,35.513895,1450.997,100.4117
44728,355285N1195830W001,809850.0739,3937026.565,-119.582988,35.528495,1325.929,102.1646
44732,355530N1195827W001,809782.9164,3939746.288,-119.582688,35.552995,1525.034,117.7693
44748,354856N1195810W001,810196.694,3932272.239,-119.580988,35.485595,2061.925,116.6663
44868,354206N1193195W001,834201.2824,3925913.29,-119.319487,35.420595,1212.309,33.60011
44872,354300N1193315W001,833072.3849,3926915.918,-119.331487,35.429995,1274.094,24.42935
44876,354406N1193062W001,835326.4417,3928178.02,-119.306187,35.440595,830.4428,48.59068
44880,353622N1193263W001,833824.5521,3919409.11,-119.326288,35.362195,1234.992,32.92367
44884,353622N1193148W001,834870.0172,3919448.02,-119.314787,35.362195,1191.357,104.4922
44888,353766N1193269W001,833710.6212,3921005.176,-119.326887,35.376595,1261.443,60.4848
44892,354186N1192876W001,837107.5753,3925799.838,-119.287588,35.418595,1071.559,53.66006
44900,353258N1193171W001,834811.3436,3915400.599,-119.317087,35.325795,994.1368,39.36795
44904,353439N1193009W001,836209.6464,3917464.286,-119.300888,35.343895,1031.207,123.8784
44908,353600N1192988W001,836333.7253,3919258.203,-119.298788,35.359995,1093.576,159.5093
44912,353906N1192795W001,837960.5099,3922720.071,-119.279488,35.390595,1037.624,91.34239
44916,353991N1192852W001,837407.0225,3923643.914,-119.285188,35.399095,1066.54,79.77716
44920,354200N1192518W001,840354.0383,3926078.107,-119.251788,35.419995,889.4708,53.8758
44932,353800N1192876W001,837268.589,3921515.986,-119.287588,35.379995,1064.391,114.5045
44936,353944N1192387W001,841652.3588,3923282.214,-119.238687,35.394395,899.6482,52.57158
44940,354017N1192437W001,841167.1653,3924075.096,-119.243687,35.401695,928.8321,56.84995
44948,353253N1192651W002,839542.9434,3915522.384,-119.265088,35.325295,840.9366,23.00015
44960,352294N1192909W001,837594.8269,3904791.212,-119.290887,35.229395,1077.882,56.13557
44968,351518N1193235W001,834945.1747,3896068.883,-119.323487,35.151795,862.6358,92.5194
44976,352033N1192230W001,843888.188,3902127.941,-119.222988,35.203295,1460.782,21.42814
44984,351520N1192363W001,842892.4376,3896388.617,-119.236288,35.151995,2466.572,40.21613
46896,356014N1196176W001,806433.3046,3945007.892,-119.617587,35.601395,1739.021,81.73799
46912,355944N1195814W001,809741.1496,3944344.581,-119.581388,35.594395,1827.719,97.12043
46920,355716N1195808W001,809883.4967,3941816.33,-119.580787,35.571595,1765.168,113.2132
46924,355687N1195623W001,811572.0514,3941552.968,-119.562287,35.568695,1623.378,93.21714
46980,355137N1195985W001,808500.7304,3935335.537,-119.598488,35.513695,1454.542,98.80683
46984,355205N1195821W001,809962.5247,3936141.635,-119.582088,35.520495,1373.431,93.27016
46988,355423N1195825W001,809842.2784,3938559.531,-119.582487,35.542295,1376.74,114.0889
47024,355506N1195271W001,814834.5078,3939656.453,-119.527087,35.550595,822.1823,49.18648
47048,354854N1195648W001,811667.8211,3932301.16,-119.564787,35.485395,2152.662,137.1246
47060,354527N1195347W001,814527.3113,3928768.008,-119.534688,35.452695,822.1823,49.18648
47076,354021N1195011W001,817777.2625,3923260.489,-119.501087,35.402095,2659.498,98.38605
47080,353905N1194480W001,822648.2104,3922145.386,-119.447987,35.390495,2281.701,92.00745
47084,354189N1194216W001,824933.104,3925383.651,-119.421588,35.418895,1707.693,74.92939
47088,354189N1194216W002,824933.104,3925383.651,-119.421588,35.418895,1707.693,74.92939
47092,353536N1194341W001,824059.0853,3918095.931,-119.434088,35.353595,2262.06,93.6873
47096,353536N1194341W002,824059.0853,3918095.931,-119.434088,35.353595,2262.06,93.6873
47100,353222N1193587W001,831042.5062,3914861.059,-119.358688,35.322195,1081.046,46.82475
47104,353222N1193587W002,831042.5062,3914861.059,-119.358688,35.322195,1081.046,46.82475
47108,353222N1193587W003,831042.5062,3914861.059,-119.358688,35.322195,1081.046,46.82475
47112,353222N1193587W004,831042.5062,3914861.059,-119.358688,35.322195,1081.046,46.82475
47116,353185N1193747W001,829602.2909,3914397.02,-119.374687,35.318495,1114.153,68.3782
47120,353187N1193747W001,829601.4779,3914419.215,-119.374687,35.318695,1119.898,67.99285
47124,353443N1192883W001,837353.7175,3917551.602,-119.288287,35.344295,953.0172,79.67805
47128,353443N1192883W002,837353.7175,3917551.602,-119.288287,35.344295,953.0172,79.67805
47132,353443N1192883W003,837353.7175,3917551.602,-119.288287,35.344295,953.0172,79.67805
47136,353443N1192883W004,837353.7175,3917551.602,-119.288287,35.344295,953.0172,79.67805
47140,353699N1192856W001,837492.4992,3920401.914,-119.285588,35.369895,1038.337,127.8666
47144,353699N1192856W002,837492.4992,3920401.914,-119.285588,35.369895,1038.337,127.8666
47148,353760N1192498W001,840721.1425,3921201.791,-119.249787,35.375995,896.0742,65.20979
47152,353760N1192498W002,840721.1425,3921201.791,-119.249787,35.375995,896.0742,65.20979
47156,353286N1192614W001,839865.6333,3915901.33,-119.261387,35.328595,826.6139,26.88174
47160,353286N1192614W002,839865.6333,3915901.33,-119.261387,35.328595,826.6139,26.88174
47164,353286N1192614W003,839865.6333,3915901.33,-119.261387,35.328595,826.6139,26.88174
47168,353286N1192614W004,839865.6333,3915901.33,-119.261387,35.328595,826.6139,26.88174
47176,353618N1192169W001,843771.9886,3919739.813,-119.216887,35.361795,775.0815,24.19438
47180,353618N1192169W002,843771.9886,3919739.813,-119.216887,35.361795,775.0815,24.19438
47192,352294N1192865W001,837995.4933,3904806.204,-119.286488,35.229395,1121.441,60.73532
47196,352086N1192783W001,838828.7867,3902525.827,-119.278288,35.208595,1868.588,59.22533
47200,352088N1192520W001,841223.477,3902638.183,-119.251987,35.208795,1795.302,35.58505
47208,351976N1192358W001,842746.2026,3901451.052,-119.235788,35.197595,1700.664,6.056084
47224,351811N1192358W001,842815.6325,3899619.872,-119.235788,35.181095,1789.09,43.47388
